step,time,dt,cfl,max_speed,kinetic_energy,enstrophy,circulation,poisson_iters,poisson_residual,frame
0,0.000000,0.000e0,0.0000,0.000000,0.00000000e0,0.00000000e0,0.00000000e0,0,0.000e0,0
1,0.000781,7.813e-4,0.4000,0.019490,3.74240118e-7,1.46042871e0,-7.69591208e-2,3,6.395e-14,-1
2,0.001563,7.813e-4,0.4000,0.057029,3.20545429e-6,4.99488059e0,-1.45122326e-1,3,1.705e-13,-1
3,0.002344,7.813e-4,0.4000,0.091711,8.29882808e-6,9.64968892e0,-2.05601904e-1,3,2.984e-13,-1
4,0.003125,7.813e-4,0.4000,0.123808,1.51505968e-5,1.47911814e1,-2.59362708e-1,3,3.553e-13,-1
5,0.003906,7.813e-4,0.4000,0.153559,2.33627462e-5,2.00088655e1,-3.07242239e-1,3,4.547e-13,-1
6,0.004687,7.813e-4,0.4000,0.181184,3.26204447e-5,2.50466106e1,-3.49967936e-1,3,4.832e-13,-1
7,0.005469,7.813e-4,0.4000,0.206874,4.26744195e-5,2.97539061e1,-3.88172086e-1,3,5.651e-13,-1
8,0.006250,7.813e-4,0.4000,0.230805,5.33271633e-5,3.40514923e1,-4.22404668e-1,3,5.918e-13,-1
9,0.007031,7.813e-4,0.4000,0.253132,6.44221202e-5,3.79072594e1,-4.53144432e-1,3,7.948e-13,-1
10,0.007812,7.813e-4,0.4000,0.273997,7.58351868e-5,4.13194647e1,-4.80808455e-1,3,8.146e-13,-1
11,0.008594,7.813e-4,0.4000,0.293524,8.74680221e-5,4.43051478e1,-5.05760384e-1,3,8.090e-13,-1
12,0.009375,7.813e-4,0.4000,0.311829,9.92427691e-5,4.68922247e1,-5.28317553e-1,3,9.097e-13,-1
13,0.010156,7.813e-4,0.4000,0.329013,1.11097882e-4,4.91141734e1,-5.48757129e-1,3,9.948e-13,-1
14,0.010938,7.813e-4,0.4000,0.345170,1.22984821e-4,5.10065334e1,-5.67321416e-1,3,1.031e-12,-1
15,0.011719,7.813e-4,0.4000,0.360382,1.34865431e-4,5.26046669e1,-5.84222452e-1,3,1.203e-12,-1
16,0.012500,7.813e-4,0.4000,0.374725,1.46709854e-4,5.39423877e1,-5.99645967e-1,3,1.006e-12,-1
17,0.013281,7.813e-4,0.4000,0.388269,1.58494868e-4,5.50511823e1,-6.13754817e-1,3,1.057e-12,-1
18,0.014063,7.813e-4,0.4000,0.401074,1.70202565e-4,5.59598250e1,-6.26691958e-1,3,1.080e-12,-1
19,0.014844,7.813e-4,0.4000,0.413198,1.81819284e-4,5.66942533e1,-6.38583012e-1,3,1.279e-12,-1
20,0.015625,7.813e-4,0.4000,0.424691,1.93334772e-4,5.72776074e1,-6.49538497e-1,3,1.152e-12,-1
21,0.016406,7.813e-4,0.4000,0.435601,2.04741496e-4,5.77303689e1,-6.59655759e-1,3,1.143e-12,-1
22,0.017188,7.813e-4,0.4000,0.445969,2.16034098e-4,5.80705546e1,-6.69020646e-1,3,1.495e-12,-1
23,0.017969,7.813e-4,0.4000,0.455834,2.27208961e-4,5.83139373e1,-6.77708962e-1,3,1.224e-12,-1
24,0.018750,7.813e-4,0.4000,0.465232,2.38263848e-4,5.84742723e1,-6.85787727e-1,3,1.560e-12,-1
25,0.019531,7.813e-4,0.4000,0.474195,2.49197624e-4,5.85635188e1,-6.93316277e-1,3,1.856e-12,-1
26,0.020313,7.813e-4,0.4000,0.482753,2.60010019e-4,5.85920499e1,-7.00347215e-1,3,1.814e-12,-1
27,0.021094,7.813e-4,0.4000,0.490932,2.70701450e-4,5.85688455e1,-7.06927241e-1,3,1.713e-12,-1
28,0.021875,7.813e-4,0.4000,0.498758,2.81272867e-4,5.85016671e1,-7.13097874e-1,3,1.693e-12,-1
29,0.022656,7.813e-4,0.4000,0.506253,2.91725635e-4,5.83972154e1,-7.18896081e-1,3,1.634e-12,-1
30,0.023438,7.813e-4,0.4000,0.513438,3.02061432e-4,5.82612693e1,-7.24354826e-1,3,1.690e-12,-1
31,0.024219,7.813e-4,0.4000,0.520332,3.12282177e-4,5.80988089e1,-7.29503550e-1,3,1.814e-12,-1
32,0.025000,7.813e-4,0.4000,0.526954,3.22389961e-4,5.79141228e1,-7.34368585e-1,3,1.867e-12,-1
33,0.025781,7.813e-4,0.4000,0.533320,3.32387001e-4,5.77109025e1,-7.38973524e-1,3,1.879e-12,-1
34,0.026563,7.813e-4,0.4000,0.539445,3.42275595e-4,5.74923237e1,-7.43339534e-1,3,1.799e-12,-1
35,0.027344,7.813e-4,0.4000,0.545342,3.52058091e-4,5.72611170e1,-7.47485644e-1,3,1.871e-12,-1
36,0.028125,7.813e-4,0.4000,0.551025,3.61736863e-4,5.70196295e1,-7.51428982e-1,3,1.758e-12,-1
37,0.028906,7.813e-4,0.4000,0.556506,3.71314287e-4,5.67698777e1,-7.55184996e-1,3,2.018e-12,-1
38,0.029688,7.813e-4,0.4000,0.561796,3.80792728e-4,5.65135928e1,-7.58767640e-1,3,1.991e-12,-1
39,0.030469,7.813e-4,0.4000,0.566906,3.90174523e-4,5.62522604e1,-7.62189537e-1,3,2.078e-12,-1
40,0.031250,7.813e-4,0.4000,0.571844,3.99461976e-4,5.59871544e1,-7.65462130e-1,3,1.904e-12,-1
41,0.032031,7.813e-4,0.4000,0.576621,4.08657348e-4,5.57193663e1,-7.68595807e-1,3,1.956e-12,-1
42,0.032813,7.813e-4,0.4000,0.581243,4.17762853e-4,5.54498298e1,-7.71600015e-1,3,2.062e-12,-1
43,0.033594,7.813e-4,0.4000,0.585720,4.26780650e-4,5.51793434e1,-7.74483359e-1,3,1.924e-12,-1
44,0.034375,7.813e-4,0.4000,0.590058,4.35712846e-4,5.49085881e1,-7.77253692e-1,3,2.237e-12,-1
45,0.035156,7.813e-4,0.4000,0.594264,4.44561489e-4,5.46381442e1,-7.79918190e-1,3,2.164e-12,-1
46,0.035937,7.813e-4,0.4000,0.598345,4.53328572e-4,5.43685048e1,-7.82483424e-1,3,2.032e-12,-1
47,0.036719,7.813e-4,0.4000,0.602306,4.62016027e-4,5.41000875e1,-7.84955420e-1,3,1.993e-12,-1
48,0.037500,7.813e-4,0.4000,0.606154,4.70625730e-4,5.38332454e1,-7.87339712e-1,3,1.894e-12,-1
49,0.038281,7.813e-4,0.4000,0.609892,4.79159499e-4,5.35682750e1,-7.89641391e-1,3,2.148e-12,-1
50,0.039062,7.813e-4,0.4000,0.613527,4.87619095e-4,5.33054249e1,-7.91865148e-1,3,2.128e-12,-1
51,0.039844,7.813e-4,0.4000,0.617062,4.96006225e-4,5.30449015e1,-7.94015314e-1,3,1.968e-12,-1
52,0.040625,7.813e-4,0.4000,0.620503,5.04322541e-4,5.27868753e1,-7.96095891e-1,3,2.143e-12,-1
53,0.041406,7.813e-4,0.4000,0.623852,5.12569642e-4,5.25314855e1,-7.98110582e-1,3,1.963e-12,-1
54,0.042187,7.813e-4,0.4000,0.627115,5.20749075e-4,5.22788443e1,-8.00062823e-1,3,2.185e-12,-1
55,0.042969,7.813e-4,0.4000,0.630295,5.28862340e-4,5.20290411e1,-8.01955802e-1,3,2.238e-12,-1
56,0.043750,7.813e-4,0.4000,0.633394,5.36910885e-4,5.17821447e1,-8.03792483e-1,3,2.279e-12,-1
57,0.044531,7.813e-4,0.4000,0.636417,5.44896115e-4,5.15382072e1,-8.05575626e-1,3,2.094e-12,-1
58,0.045312,7.813e-4,0.4000,0.639366,5.52819388e-4,5.12972654e1,-8.07307804e-1,3,2.078e-12,-1
59,0.046094,7.813e-4,0.4000,0.642245,5.60682018e-4,5.10593436e1,-8.08991420e-1,3,2.261e-12,-1
60,0.046875,7.813e-4,0.4000,0.645056,5.68485279e-4,5.08244550e1,-8.10628717e-1,3,2.099e-12,-1
61,0.047656,7.813e-4,0.4000,0.647801,5.76230404e-4,5.05926035e1,-8.12221797e-1,3,2.235e-12,-1
62,0.048437,7.813e-4,0.4000,0.650484,5.83918586e-4,5.03637848e1,-8.13772628e-1,3,2.274e-12,-1
63,0.049219,7.813e-4,0.4000,0.653105,5.91550983e-4,5.01379880e1,-8.15283058e-1,3,2.387e-12,-1
64,0.050000,7.813e-4,0.4000,0.655669,5.99128714e-4,4.99151960e1,-8.16754821e-1,3,2.423e-12,-1
65,0.050781,7.813e-4,0.4000,0.658176,6.06652865e-4,4.96953871e1,-8.18189547e-1,3,2.505e-12,-1
66,0.051562,7.813e-4,0.4000,0.660629,6.14124490e-4,4.94785353e1,-8.19588772e-1,3,2.343e-12,-1
67,0.052344,7.813e-4,0.4000,0.663030,6.21544608e-4,4.92646110e1,-8.20953941e-1,3,2.313e-12,-1
68,0.053125,7.813e-4,0.4000,0.665381,6.28914210e-4,4.90535818e1,-8.22286421e-1,3,2.309e-12,-1
69,0.053906,7.813e-4,0.4000,0.667682,6.36234255e-4,4.88454128e1,-8.23587497e-1,3,2.219e-12,-1
70,0.054687,7.813e-4,0.4000,0.669936,6.43505674e-4,4.86400673e1,-8.24858389e-1,3,2.423e-12,-1
71,0.055469,7.813e-4,0.4000,0.672145,6.50729372e-4,4.84375068e1,-8.26100247e-1,3,2.187e-12,-1
72,0.056250,7.813e-4,0.4000,0.674310,6.57906226e-4,4.82376917e1,-8.27314161e-1,3,2.583e-12,-1
73,0.057031,7.813e-4,0.4000,0.676432,6.65037088e-4,4.80405814e1,-8.28501165e-1,3,2.359e-12,-1
74,0.057812,7.813e-4,0.4000,0.678513,6.72122786e-4,4.78461345e1,-8.29662239e-1,3,3.027e-12,-1
75,0.058594,7.813e-4,0.4000,0.680554,6.79164124e-4,4.76543093e1,-8.30798314e-1,3,2.338e-12,-1
76,0.059375,7.813e-4,0.4000,0.682557,6.86161883e-4,4.74650636e1,-8.31910271e-1,3,3.013e-12,-1
77,0.060156,7.813e-4,0.4000,0.684522,6.93116822e-4,4.72783550e1,-8.32998953e-1,3,2.650e-12,-1
78,0.060937,7.813e-4,0.4000,0.686450,7.00029681e-4,4.70941413e1,-8.34065157e-1,3,2.522e-12,-1
79,0.061719,7.813e-4,0.4000,0.688344,7.06901176e-4,4.69123802e1,-8.35109646e-1,3,2.521e-12,-1
80,0.062500,7.813e-4,0.4000,0.690203,7.13732007e-4,4.67330298e1,-8.36133144e-1,3,2.434e-12,-1
81,0.063281,7.813e-4,0.4000,0.692029,7.20522854e-4,4.65560483e1,-8.37136344e-1,3,2.863e-12,-1
82,0.064062,7.813e-4,0.4000,0.693822,7.27274377e-4,4.63813943e1,-8.38119903e-1,3,2.643e-12,-1
83,0.064844,7.813e-4,0.4000,0.695585,7.33987222e-4,4.62090270e1,-8.39084454e-1,3,2.377e-12,-1
84,0.065625,7.813e-4,0.4000,0.697317,7.40662014e-4,4.60389058e1,-8.40030596e-1,3,2.615e-12,-1
85,0.066406,7.813e-4,0.4000,0.699020,7.47299365e-4,4.58709909e1,-8.40958907e-1,3,2.487e-12,-1
86,0.067187,7.813e-4,0.4000,0.700694,7.53899870e-4,4.57052428e1,-8.41869935e-1,3,2.837e-12,-1
87,0.067969,7.813e-4,0.4000,0.702340,7.60464109e-4,4.55416228e1,-8.42764207e-1,3,2.849e-12,-1
88,0.068750,7.813e-4,0.4000,0.703959,7.66992646e-4,4.53800927e1,-8.43642228e-1,3,2.920e-12,-1
89,0.069531,7.813e-4,0.4000,0.705551,7.73486033e-4,4.52206150e1,-8.44504481e-1,3,3.398e-12,-1
90,0.070312,7.813e-4,0.4000,0.707118,7.79944807e-4,4.50631527e1,-8.45351428e-1,3,3.507e-12,-1
91,0.071094,7.813e-4,0.4000,0.708660,7.86369492e-4,4.49076695e1,-8.46183515e-1,3,3.375e-12,-1
92,0.071875,7.813e-4,0.4000,0.710177,7.92760599e-4,4.47541299e1,-8.47001168e-1,3,3.496e-12,-1
93,0.072656,7.813e-4,0.4000,0.711671,7.99118627e-4,4.46024990e1,-8.47804796e-1,3,3.174e-12,-1
94,0.073437,7.813e-4,0.4000,0.713142,8.05444063e-4,4.44527425e1,-8.48594792e-1,3,3.297e-12,-1
95,0.074219,7.813e-4,0.4000,0.714590,8.11737381e-4,4.43048267e1,-8.49371533e-1,3,3.784e-12,-1
96,0.075000,7.813e-4,0.4000,0.716016,8.17999047e-4,4.41587187e1,-8.50135385e-1,3,3.268e-12,-1
97,0.075781,7.813e-4,0.4000,0.717420,8.24229512e-4,4.40143863e1,-8.50886695e-1,3,3.332e-12,-1
98,0.076562,7.813e-4,0.4000,0.718804,8.30429220e-4,4.38717978e1,-8.51625800e-1,3,3.212e-12,-1
99,0.077344,7.813e-4,0.4000,0.720168,8.36598604e-4,4.37309222e1,-8.52353024e-1,3,3.784e-12,-1
100,0.078125,7.813e-4,0.4000,0.721511,8.42738084e-4,4.35917291e1,-8.53068679e-1,3,3.624e-12,-1
101,0.078906,7.813e-4,0.4000,0.722835,8.48848076e-4,4.34541889e1,-8.53773065e-1,3,3.066e-12,-1
102,0.079687,7.813e-4,0.4000,0.724141,8.54928982e-4,4.33182724e1,-8.54466472e-1,3,3.318e-12,-1
103,0.080469,7.813e-4,0.4000,0.725427,8.60981197e-4,4.31839512e1,-8.55149179e-1,3,3.325e-12,-1
104,0.081250,7.813e-4,0.4000,0.726696,8.67005108e-4,4.30511973e1,-8.55821456e-1,3,3.105e-12,-1
105,0.082031,7.813e-4,0.4000,0.727947,8.73001092e-4,4.29199835e1,-8.56483563e-1,3,3.546e-12,-1
106,0.082812,7.813e-4,0.4000,0.729181,8.78969517e-4,4.27902830e1,-8.57135750e-1,3,3.311e-12,-1
107,0.083594,7.813e-4,0.4000,0.730398,8.84910747e-4,4.26620696e1,-8.57778260e-1,3,3.354e-12,-1
108,0.084375,7.813e-4,0.4000,0.731598,8.90825134e-4,4.25353179e1,-8.58411328e-1,3,3.503e-12,-1
109,0.085156,7.813e-4,0.4000,0.732782,8.96713025e-4,4.24100026e1,-8.59035179e-1,3,3.645e-12,-1
110,0.085937,7.813e-4,0.4000,0.733951,9.02574758e-4,4.22860994e1,-8.59650032e-1,3,3.666e-12,-1
111,0.086719,7.813e-4,0.4000,0.735104,9.08410667e-4,4.21635842e1,-8.60256099e-1,3,3.595e-12,-1
112,0.087500,7.813e-4,0.4000,0.736242,9.14221075e-4,4.20424336e1,-8.60853585e-1,3,3.197e-12,-1
113,0.088281,7.813e-4,0.4000,0.737366,9.20006301e-4,4.19226245e1,-8.61442687e-1,3,3.432e-12,-1
114,0.089062,7.813e-4,0.4000,0.738475,9.25766657e-4,4.18041346e1,-8.62023598e-1,3,3.347e-12,-1
115,0.089844,7.813e-4,0.4000,0.739569,9.31502448e-4,4.16869417e1,-8.62596503e-1,3,3.638e-12,-1
116,0.090625,7.813e-4,0.4000,0.740650,9.37213975e-4,4.15710243e1,-8.63161581e-1,3,3.425e-12,-1
117,0.091406,7.813e-4,0.4000,0.741718,9.42901529e-4,4.14563615e1,-8.63719007e-1,3,3.869e-12,-1
118,0.092187,7.813e-4,0.4000,0.742772,9.48565401e-4,4.13429324e1,-8.64268949e-1,3,3.659e-12,-1
119,0.092969,7.813e-4,0.4000,0.743813,9.54205870e-4,4.12307170e1,-8.64811572e-1,3,3.283e-12,-1
120,0.093750,7.813e-4,0.4000,0.744842,9.59823214e-4,4.11196956e1,-8.65347034e-1,3,3.254e-12,-1
121,0.094531,7.813e-4,0.4000,0.745858,9.65417704e-4,4.10098486e1,-8.65875488e-1,3,3.993e-12,-1
122,0.095312,7.813e-4,0.4000,0.746861,9.70989606e-4,4.09011573e1,-8.66397084e-1,3,4.256e-12,-1
123,0.096094,7.813e-4,0.4000,0.747853,9.76539182e-4,4.07936030e1,-8.66911967e-1,3,3.205e-12,-1
124,0.096875,7.813e-4,0.4000,0.748833,9.82066686e-4,4.06871676e1,-8.67420278e-1,3,3.723e-12,-1
125,0.097656,7.813e-4,0.4000,0.749802,9.87572371e-4,4.05818333e1,-8.67922153e-1,3,4.000e-12,-1
126,0.098437,7.813e-4,0.4000,0.750759,9.93056482e-4,4.04775827e1,-8.68417724e-1,3,3.858e-12,-1
127,0.099219,7.813e-4,0.4000,0.751705,9.98519262e-4,4.03743989e1,-8.68907120e-1,3,4.285e-12,-1
128,0.100000,7.813e-4,0.4000,0.752641,1.00396095e-3,4.02722650e1,-8.69390467e-1,3,3.848e-12,-1
129,0.100781,7.813e-4,0.4000,0.753565,1.00938178e-3,4.01711647e1,-8.69867886e-1,3,3.592e-12,-1
130,0.101562,7.813e-4,0.4000,0.754479,1.01478197e-3,4.00710821e1,-8.70339496e-1,3,4.377e-12,-1
131,0.102344,7.813e-4,0.4000,0.755383,1.02016176e-3,3.99720015e1,-8.70805411e-1,3,3.560e-12,-1
132,0.103125,7.813e-4,0.4000,0.756277,1.02552136e-3,3.98739074e1,-8.71265743e-1,3,3.624e-12,-1
133,0.103906,7.813e-4,0.4000,0.757161,1.03086100e-3,3.97767849e1,-8.71720601e-1,3,3.549e-12,-1
134,0.104687,7.813e-4,0.4000,0.758036,1.03618087e-3,3.96806191e1,-8.72170090e-1,3,3.737e-12,-1
135,0.105469,7.813e-4,0.4000,0.758900,1.04148121e-3,3.95853957e1,-8.72614314e-1,3,3.380e-12,-1
136,0.106250,7.813e-4,0.4000,0.759756,1.04676220e-3,3.94911005e1,-8.73053373e-1,3,3.638e-12,-1
137,0.107031,7.813e-4,0.4000,0.760602,1.05202405e-3,3.93977196e1,-8.73487364e-1,3,3.887e-12,-1
138,0.107812,7.813e-4,0.4000,0.761439,1.05726697e-3,3.93052395e1,-8.73916383e-1,3,3.624e-12,-1
139,0.108594,7.813e-4,0.4000,0.762268,1.06249114e-3,3.92136467e1,-8.74340521e-1,3,3.723e-12,-1
140,0.109375,7.813e-4,0.4000,0.763087,1.06769676e-3,3.91229282e1,-8.74759870e-1,3,3.858e-12,-1
141,0.110156,7.813e-4,0.4000,0.763898,1.07288402e-3,3.90330713e1,-8.75174516e-1,3,4.380e-12,-1
142,0.110937,7.813e-4,0.4000,0.764701,1.07805309e-3,3.89440634e1,-8.75584546e-1,3,3.588e-12,-1
143,0.111719,7.813e-4,0.4000,0.765496,1.08320418e-3,3.88558921e1,-8.75990043e-1,3,3.610e-12,-1
144,0.112500,7.813e-4,0.4000,0.766282,1.08833745e-3,3.87685454e1,-8.76391089e-1,3,3.688e-12,-1
145,0.113281,7.813e-4,0.4000,0.767060,1.09345308e-3,3.86820115e1,-8.76787762e-1,3,3.823e-12,-1
146,0.114062,7.813e-4,0.4000,0.767830,1.09855125e-3,3.85962787e1,-8.77180140e-1,3,3.666e-12,-1
147,0.114844,7.813e-4,0.4000,0.768593,1.10363212e-3,3.85113357e1,-8.77568298e-1,3,3.624e-12,-1
148,0.115625,7.813e-4,0.4000,0.769348,1.10869587e-3,3.84271714e1,-8.77952310e-1,3,3.936e-12,-1
149,0.116406,7.813e-4,0.4000,0.770096,1.11374265e-3,3.83437746e1,-8.78332248e-1,3,3.865e-12,-1
150,0.117187,7.813e-4,0.4000,0.770836,1.11877264e-3,3.82611348e1,-8.78708182e-1,3,3.880e-12,-1
151,0.117969,7.813e-4,0.4000,0.771569,1.12378600e-3,3.81792414e1,-8.79080181e-1,3,3.752e-12,-1
152,0.118750,7.813e-4,0.4000,0.772295,1.12878287e-3,3.80980840e1,-8.79448311e-1,3,3.695e-12,-1
153,0.119531,7.813e-4,0.4000,0.773014,1.13376343e-3,3.80176525e1,-8.79812637e-1,3,3.993e-12,-1
154,0.120312,7.813e-4,0.4000,0.773726,1.13872781e-3,3.79379369e1,-8.80173223e-1,3,3.716e-12,-1
155,0.121094,7.813e-4,0.4000,0.774431,1.14367617e-3,3.78589275e1,-8.80530131e-1,3,3.901e-12,-1
156,0.121875,7.813e-4,0.4000,0.775130,1.14860866e-3,3.77806146e1,-8.80883423e-1,3,3.553e-12,-1
157,0.122656,7.813e-4,0.4000,0.775822,1.15352543e-3,3.77029889e1,-8.81233157e-1,3,4.135e-12,-1
158,0.123437,7.813e-4,0.4000,0.776508,1.15842662e-3,3.76260410e1,-8.81579391e-1,3,3.638e-12,-1
159,0.124219,7.813e-4,0.4000,0.777187,1.16331236e-3,3.75497620e1,-8.81922183e-1,3,4.057e-12,-1
160,0.125000,7.813e-4,0.4000,0.777860,1.16818281e-3,3.74741429e1,-8.82261587e-1,3,4.192e-12,-1
161,0.125781,7.813e-4,0.4000,0.778606,1.17303809e-3,3.73991750e1,-8.82597658e-1,3,3.816e-12,-1
162,0.126562,7.813e-4,0.4000,0.779411,1.17787835e-3,3.73248497e1,-8.82930449e-1,3,3.922e-12,-1
163,0.127344,7.813e-4,0.4000,0.780206,1.18270371e-3,3.72511584e1,-8.83260012e-1,3,3.780e-12,-1
164,0.128125,7.813e-4,0.4000,0.780992,1.18751431e-3,3.71780931e1,-8.83586397e-1,3,3.766e-12,-1
165,0.128906,7.813e-4,0.4000,0.781770,1.19231028e-3,3.71056454e1,-8.83909654e-1,3,3.823e-12,-1
166,0.129687,7.813e-4,0.4000,0.782538,1.19709175e-3,3.70338075e1,-8.84229832e-1,3,3.602e-12,-1
167,0.130469,7.813e-4,0.4000,0.783299,1.20185883e-3,3.69625715e1,-8.84546977e-1,3,3.748e-12,-1
168,0.131250,7.813e-4,0.4000,0.784050,1.20661167e-3,3.68919295e1,-8.84861137e-1,3,4.061e-12,-1
169,0.132031,7.813e-4,0.4000,0.784793,1.21135037e-3,3.68218742e1,-8.85172357e-1,3,3.546e-12,-1
170,0.132812,7.813e-4,0.4000,0.785527,1.21607506e-3,3.67523980e1,-8.85480681e-1,3,4.391e-12,-1
171,0.133594,7.813e-4,0.4000,0.786254,1.22078585e-3,3.66834935e1,-8.85786153e-1,3,4.597e-12,-1
172,0.134375,7.813e-4,0.4000,0.786971,1.22548288e-3,3.66151537e1,-8.86088815e-1,3,3.567e-12,-1
173,0.135156,7.813e-4,0.4000,0.787681,1.23016624e-3,3.65473714e1,-8.86388710e-1,3,4.114e-12,-1
174,0.135937,7.813e-4,0.4000,0.788382,1.23483606e-3,3.64801398e1,-8.86685878e-1,3,3.986e-12,-1
175,0.136719,7.813e-4,0.4000,0.789075,1.23949245e-3,3.64134518e1,-8.86980359e-1,3,4.682e-12,-1
176,0.137500,7.813e-4,0.4000,0.789760,1.24413551e-3,3.63473009e1,-8.87272193e-1,3,3.702e-12,-1
177,0.138281,7.813e-4,0.4000,0.790438,1.24876536e-3,3.62816804e1,-8.87561418e-1,3,3.872e-12,-1
178,0.139062,7.813e-4,0.4000,0.791107,1.25338211e-3,3.62165839e1,-8.87848072e-1,3,3.888e-12,-1
179,0.139844,7.813e-4,0.4000,0.791768,1.25798587e-3,3.61520050e1,-8.88132191e-1,3,3.773e-12,-1
180,0.140625,7.813e-4,0.4000,0.792422,1.26257673e-3,3.60879373e1,-8.88413812e-1,3,3.762e-12,-1
181,0.141406,7.813e-4,0.4000,0.793067,1.26715480e-3,3.60243748e1,-8.88692970e-1,3,3.840e-12,-1
182,0.142187,7.813e-4,0.4000,0.793732,1.27172018e-3,3.59613113e1,-8.88969700e-1,3,4.086e-12,-1
183,0.142969,7.813e-4,0.4000,0.794402,1.27627298e-3,3.58987408e1,-8.89244036e-1,3,4.363e-12,-1
184,0.143750,7.813e-4,0.4000,0.795065,1.28081330e-3,3.58366576e1,-8.89516012e-1,3,4.086e-12,-1
185,0.144531,7.813e-4,0.4000,0.795722,1.28534123e-3,3.57750558e1,-8.89785660e-1,3,3.831e-12,-1
186,0.145312,7.813e-4,0.4000,0.796371,1.28985687e-3,3.57139298e1,-8.90053013e-1,3,4.178e-12,-1
187,0.146094,7.813e-4,0.4000,0.797014,1.29436031e-3,3.56532739e1,-8.90318102e-1,3,3.801e-12,-1
188,0.146875,7.813e-4,0.4000,0.797650,1.29885166e-3,3.55930826e1,-8.90580957e-1,3,3.962e-12,-1
189,0.147656,7.813e-4,0.4000,0.798280,1.30333100e-3,3.55333506e1,-8.90841610e-1,3,4.391e-12,-1
190,0.148438,7.813e-4,0.4000,0.798902,1.30779842e-3,3.54740725e1,-8.91100089e-1,3,3.737e-12,-1
191,0.149219,7.813e-4,0.4000,0.799518,1.31225403e-3,3.54152431e1,-8.91356425e-1,3,4.142e-12,-1
192,0.150000,7.813e-4,0.4000,0.800128,1.31669790e-3,3.53568572e1,-8.91610646e-1,3,4.292e-12,-1
193,0.150781,7.813e-4,0.4000,0.800731,1.32113013e-3,3.52989097e1,-8.91862780e-1,3,4.036e-12,-1
194,0.151563,7.813e-4,0.4000,0.801328,1.32555080e-3,3.52413956e1,-8.92112854e-1,3,4.043e-12,-1
195,0.152344,7.813e-4,0.4000,0.801918,1.32996001e-3,3.51843101e1,-8.92360897e-1,3,4.043e-12,-1
196,0.153125,7.813e-4,0.4000,0.802502,1.33435783e-3,3.51276482e1,-8.92606933e-1,3,4.093e-12,-1
197,0.153906,7.813e-4,0.4000,0.803080,1.33874435e-3,3.50714052e1,-8.92850990e-1,3,4.121e-12,-1
198,0.154688,7.813e-4,0.4000,0.803652,1.34311966e-3,3.50155765e1,-8.93093093e-1,3,4.135e-12,-1
199,0.155469,7.813e-4,0.4000,0.804217,1.34748383e-3,3.49601573e1,-8.93333268e-1,3,4.533e-12,-1
200,0.156250,7.813e-4,0.4000,0.804776,1.35183696e-3,3.49051432e1,-8.93571538e-1,3,4.071e-12,-1
201,0.157031,7.813e-4,0.4000,0.805329,1.35617911e-3,3.48505296e1,-8.93807929e-1,3,4.320e-12,-1
202,0.157813,7.813e-4,0.4000,0.805876,1.36051037e-3,3.47963122e1,-8.94042464e-1,3,4.327e-12,-1
203,0.158594,7.813e-4,0.4000,0.806417,1.36483081e-3,3.47424865e1,-8.94275167e-1,3,4.008e-12,-1
204,0.159375,7.813e-4,0.4000,0.806952,1.36914053e-3,3.46890483e1,-8.94506060e-1,3,4.029e-12,-1
205,0.160156,7.813e-4,0.4000,0.807481,1.37343958e-3,3.46359935e1,-8.94735167e-1,3,4.519e-12,-1
206,0.160938,7.813e-4,0.4000,0.808004,1.37772805e-3,3.45833178e1,-8.94962509e-1,3,4.265e-12,-1
207,0.161719,7.813e-4,0.4000,0.808526,1.38200602e-3,3.45310171e1,-8.95188109e-1,3,4.242e-12,-1
208,0.162500,7.813e-4,0.4000,0.809074,1.38627355e-3,3.44790874e1,-8.95411988e-1,3,4.491e-12,-1
209,0.163281,7.813e-4,0.4000,0.809616,1.39053072e-3,3.44275247e1,-8.95634167e-1,3,4.796e-12,-1
210,0.164063,7.813e-4,0.4000,0.810152,1.39477760e-3,3.43763252e1,-8.95854666e-1,3,4.782e-12,-1
211,0.164844,7.813e-4,0.4000,0.810684,1.39901427e-3,3.43254850e1,-8.96073507e-1,3,4.192e-12,-1
212,0.165625,7.813e-4,0.4000,0.811210,1.40324079e-3,3.42750002e1,-8.96290709e-1,3,4.796e-12,-1
213,0.166406,7.813e-4,0.4000,0.811731,1.40745724e-3,3.42248671e1,-8.96506292e-1,3,4.555e-12,-1
214,0.167188,7.813e-4,0.4000,0.812247,1.41166368e-3,3.41750821e1,-8.96720275e-1,3,4.086e-12,-1
215,0.167969,7.813e-4,0.4000,0.812758,1.41586018e-3,3.41256414e1,-8.96932678e-1,3,4.235e-12,-1
216,0.168750,7.813e-4,0.4000,0.813264,1.42004682e-3,3.40765416e1,-8.97143519e-1,3,4.256e-12,-1
217,0.169531,7.813e-4,0.4000,0.813764,1.42422365e-3,3.40277790e1,-8.97352817e-1,3,4.349e-12,-1
218,0.170313,7.813e-4,0.4000,0.814260,1.42839074e-3,3.39793502e1,-8.97560589e-1,3,4.214e-12,-1
219,0.171094,7.813e-4,0.4000,0.814751,1.43254816e-3,3.39312517e1,-8.97766854e-1,3,4.775e-12,-1
220,0.171875,7.813e-4,0.4000,0.815236,1.43669597e-3,3.38834802e1,-8.97971629e-1,3,4.405e-12,-1
221,0.172656,7.813e-4,0.4000,0.815717,1.44083424e-3,3.38360323e1,-8.98174932e-1,3,4.306e-12,-1
222,0.173438,7.813e-4,0.4000,0.816193,1.44496303e-3,3.37889048e1,-8.98376779e-1,3,3.979e-12,-1
223,0.174219,7.813e-4,0.4000,0.816664,1.44908240e-3,3.37420943e1,-8.98577188e-1,3,4.789e-12,-1
224,0.175000,7.813e-4,0.4000,0.817131,1.45319242e-3,3.36955977e1,-8.98776174e-1,3,4.157e-12,-1
225,0.175781,7.813e-4,0.4000,0.817592,1.45729314e-3,3.36494119e1,-8.98973753e-1,3,4.441e-12,-1
226,0.176563,7.813e-4,0.4000,0.818049,1.46138463e-3,3.36035336e1,-8.99169943e-1,3,4.675e-12,-1
227,0.177344,7.813e-4,0.4000,0.818501,1.46546695e-3,3.35579600e1,-8.99364758e-1,3,4.391e-12,-1
228,0.178125,7.813e-4,0.4000,0.818949,1.46954015e-3,3.35126878e1,-8.99558214e-1,3,4.235e-12,-1
229,0.178906,7.813e-4,0.4000,0.819392,1.47360429e-3,3.34677141e1,-8.99750326e-1,3,4.154e-12,-1
230,0.179688,7.813e-4,0.4000,0.819830,1.47765944e-3,3.34230361e1,-8.99941109e-1,3,4.341e-12,-1
231,0.180469,7.813e-4,0.4000,0.820263,1.48170565e-3,3.33786507e1,-9.00130578e-1,3,4.349e-12,-1
232,0.181250,7.813e-4,0.4000,0.820693,1.48574297e-3,3.33345551e1,-9.00318748e-1,3,4.491e-12,-1
233,0.182031,7.813e-4,0.4000,0.821144,1.48977147e-3,3.32907465e1,-9.00505631e-1,3,4.100e-12,-1
234,0.182813,7.813e-4,0.4000,0.821596,1.49379119e-3,3.32472221e1,-9.00691244e-1,3,4.498e-12,-1
235,0.183594,7.813e-4,0.4000,0.822044,1.49780220e-3,3.32039792e1,-9.00875599e-1,3,4.633e-12,-1
236,0.184375,7.813e-4,0.4000,0.822487,1.50180454e-3,3.31610150e1,-9.01058710e-1,3,4.619e-12,-1
237,0.185156,7.813e-4,0.4000,0.822927,1.50579828e-3,3.31183268e1,-9.01240591e-1,3,4.412e-12,-1
238,0.185938,7.813e-4,0.4000,0.823362,1.50978346e-3,3.30759120e1,-9.01421255e-1,3,5.016e-12,-1
239,0.186719,7.813e-4,0.4000,0.823794,1.51376014e-3,3.30337680e1,-9.01600714e-1,3,4.562e-12,-1
240,0.187500,7.813e-4,0.4000,0.824221,1.51772837e-3,3.29918922e1,-9.01778983e-1,3,4.292e-12,-1
241,0.188281,7.813e-4,0.4000,0.824645,1.52168820e-3,3.29502821e1,-9.01956072e-1,3,4.379e-12,-1
242,0.189063,7.813e-4,0.4000,0.825064,1.52563969e-3,3.29089351e1,-9.02131996e-1,3,4.704e-12,-1
243,0.189844,7.813e-4,0.4000,0.825480,1.52958288e-3,3.28678489e1,-9.02306766e-1,3,4.071e-12,-1
244,0.190625,7.813e-4,0.4000,0.825891,1.53351783e-3,3.28270209e1,-9.02480394e-1,3,4.739e-12,-1
245,0.191406,7.813e-4,0.4000,0.826299,1.53744457e-3,3.27864487e1,-9.02652892e-1,3,4.093e-12,-1
246,0.192188,7.813e-4,0.4000,0.826703,1.54136318e-3,3.27461299e1,-9.02824272e-1,3,4.277e-12,-1
247,0.192969,7.813e-4,0.4000,0.827102,1.54527368e-3,3.27060623e1,-9.02994545e-1,3,4.619e-12,-1
248,0.193750,7.813e-4,0.4000,0.827499,1.54917614e-3,3.26662434e1,-9.03163724e-1,3,4.476e-12,-1
249,0.194531,7.813e-4,0.4000,0.827891,1.55307059e-3,3.26266710e1,-9.03331819e-1,3,4.976e-12,-1
250,0.195313,7.813e-4,0.4000,0.828279,1.55695709e-3,3.25873428e1,-9.03498841e-1,3,4.853e-12,-1
251,0.196094,7.813e-4,0.4000,0.828664,1.56083568e-3,3.25482566e1,-9.03664801e-1,3,4.782e-12,-1
252,0.196875,7.813e-4,0.4000,0.829045,1.56470641e-3,3.25094102e1,-9.03829710e-1,3,4.746e-12,-1
253,0.197656,7.813e-4,0.4000,0.829423,1.56856933e-3,3.24708014e1,-9.03993579e-1,3,4.279e-12,-1
254,0.198438,7.813e-4,0.4000,0.829796,1.57242447e-3,3.24324280e1,-9.04156418e-1,3,4.690e-12,-1
255,0.199219,7.813e-4,0.4000,0.830166,1.57627189e-3,3.23942880e1,-9.04318238e-1,3,4.633e-12,-1
256,0.200000,7.813e-4,0.4000,0.830533,1.58011164e-3,3.23563791e1,-9.04479048e-1,3,4.547e-12,-1
257,0.200781,7.813e-4,0.4000,0.830896,1.58394374e-3,3.23186995e1,-9.04638859e-1,3,4.249e-12,-1
258,0.201563,7.813e-4,0.4000,0.831271,1.58776826e-3,3.22812469e1,-9.04797681e-1,3,4.889e-12,-1
259,0.202344,7.813e-4,0.4000,0.831654,1.59158522e-3,3.22440194e1,-9.04955523e-1,3,4.391e-12,-1
260,0.203125,7.813e-4,0.4000,0.832034,1.59539469e-3,3.22070150e1,-9.05112395e-1,3,4.647e-12,-1
261,0.203906,7.813e-4,0.4000,0.832411,1.59919668e-3,3.21702317e1,-9.05268306e-1,3,4.654e-12,-1
262,0.204688,7.813e-4,0.4000,0.832785,1.60299126e-3,3.21336676e1,-9.05423267e-1,3,4.761e-12,-1
263,0.205469,7.813e-4,0.4000,0.833155,1.60677846e-3,3.20973207e1,-9.05577285e-1,3,4.512e-12,-1
264,0.206250,7.813e-4,0.4000,0.833522,1.61055833e-3,3.20611892e1,-9.05730371e-1,3,4.285e-12,-1
265,0.207031,7.813e-4,0.4000,0.833886,1.61433090e-3,3.20252711e1,-9.05882534e-1,3,4.491e-12,-1
266,0.207813,7.813e-4,0.4000,0.834246,1.61809621e-3,3.19895647e1,-9.06033781e-1,3,4.292e-12,-1
267,0.208594,7.813e-4,0.4000,0.834604,1.62185431e-3,3.19540679e1,-9.06184123e-1,3,4.519e-12,-1
268,0.209375,7.813e-4,0.4000,0.834958,1.62560523e-3,3.19187792e1,-9.06333567e-1,3,4.263e-12,-1
269,0.210156,7.813e-4,0.4000,0.835309,1.62934902e-3,3.18836966e1,-9.06482123e-1,3,4.192e-12,-1
270,0.210938,7.813e-4,0.4000,0.835657,1.63308571e-3,3.18488184e1,-9.06629797e-1,3,4.412e-12,-1
271,0.211719,7.813e-4,0.4000,0.836002,1.63681534e-3,3.18141429e1,-9.06776600e-1,3,5.564e-12,-1
272,0.212500,7.813e-4,0.4000,0.836343,1.64053796e-3,3.17796682e1,-9.06922539e-1,3,4.491e-12,-1
273,0.213281,7.813e-4,0.4000,0.836682,1.64425359e-3,3.17453928e1,-9.07067622e-1,3,4.718e-12,-1
274,0.214063,7.813e-4,0.4000,0.837017,1.64796228e-3,3.17113149e1,-9.07211858e-1,3,4.299e-12,-1
275,0.214844,7.813e-4,0.4000,0.837350,1.65166407e-3,3.16774329e1,-9.07355253e-1,3,4.803e-12,-1
276,0.215625,7.813e-4,0.4000,0.837679,1.65535899e-3,3.16437450e1,-9.07497816e-1,3,4.576e-12,-1
277,0.216406,7.813e-4,0.4000,0.838006,1.65904708e-3,3.16102498e1,-9.07639555e-1,3,4.619e-12,-1
278,0.217188,7.813e-4,0.4000,0.838329,1.66272837e-3,3.15769454e1,-9.07780477e-1,3,4.414e-12,-1
279,0.217969,7.813e-4,0.4000,0.838650,1.66640290e-3,3.15438305e1,-9.07920590e-1,3,4.462e-12,-1
280,0.218750,7.813e-4,0.4000,0.838968,1.67007072e-3,3.15109034e1,-9.08059900e-1,3,4.746e-12,-1
281,0.219531,7.813e-4,0.4000,0.839282,1.67373184e-3,3.14781625e1,-9.08198416e-1,3,5.095e-12,-1
282,0.220313,7.813e-4,0.4000,0.839594,1.67738631e-3,3.14456063e1,-9.08336145e-1,3,4.960e-12,-1
283,0.221094,7.813e-4,0.4000,0.839909,1.68103417e-3,3.14132333e1,-9.08473093e-1,3,4.654e-12,-1
284,0.221875,7.813e-4,0.4000,0.840239,1.68467544e-3,3.13810419e1,-9.08609268e-1,3,4.619e-12,-1
285,0.222656,7.813e-4,0.4000,0.840567,1.68831017e-3,3.13490307e1,-9.08744676e-1,3,4.874e-12,-1
286,0.223438,7.813e-4,0.4000,0.840891,1.69193838e-3,3.13171983e1,-9.08879325e-1,3,4.896e-12,-1
287,0.224219,7.813e-4,0.4000,0.841213,1.69556012e-3,3.12855431e1,-9.09013221e-1,3,4.349e-12,-1
288,0.225000,7.813e-4,0.4000,0.841533,1.69917540e-3,3.12540638e1,-9.09146371e-1,3,4.420e-12,-1
289,0.225781,7.813e-4,0.4000,0.841850,1.70278428e-3,3.12227588e1,-9.09278782e-1,3,4.853e-12,-1
290,0.226563,7.813e-4,0.4000,0.842164,1.70638677e-3,3.11916269e1,-9.09410460e-1,3,4.349e-12,-1
291,0.227344,7.813e-4,0.4000,0.842475,1.70998292e-3,3.11606665e1,-9.09541411e-1,3,4.718e-12,-1
292,0.228125,7.813e-4,0.4000,0.842784,1.71357275e-3,3.11298764e1,-9.09671642e-1,3,5.109e-12,-1
293,0.228906,7.813e-4,0.4000,0.843090,1.71715629e-3,3.10992552e1,-9.09801159e-1,3,5.443e-12,-1
294,0.229688,7.813e-4,0.4000,0.843394,1.72073359e-3,3.10688015e1,-9.09929969e-1,3,4.945e-12,-1
295,0.230469,7.813e-4,0.4000,0.843695,1.72430467e-3,3.10385140e1,-9.10058077e-1,3,4.732e-12,-1
296,0.231250,7.813e-4,0.4000,0.843994,1.72786955e-3,3.10083914e1,-9.10185490e-1,3,4.555e-12,-1
297,0.232031,7.813e-4,0.4000,0.844290,1.73142828e-3,3.09784323e1,-9.10312213e-1,3,4.505e-12,-1
298,0.232813,7.813e-4,0.4000,0.844584,1.73498089e-3,3.09486356e1,-9.10438252e-1,3,4.866e-12,-1
299,0.233594,7.813e-4,0.4000,0.844875,1.73852740e-3,3.09189998e1,-9.10563614e-1,3,4.306e-12,-1
300,0.234375,7.813e-4,0.4000,0.845163,1.74206784e-3,3.08895239e1,-9.10688304e-1,3,4.910e-12,-1
301,0.235156,7.813e-4,0.4000,0.845450,1.74560225e-3,3.08602064e1,-9.10812328e-1,3,4.725e-12,-1
302,0.235938,7.813e-4,0.4000,0.845733,1.74913065e-3,3.08310463e1,-9.10935692e-1,3,5.230e-12,-1
303,0.236719,7.813e-4,0.4000,0.846015,1.75265307e-3,3.08020421e1,-9.11058400e-1,3,5.215e-12,-1
304,0.237500,7.813e-4,0.4000,0.846294,1.75616955e-3,3.07731929e1,-9.11180459e-1,3,4.627e-12,-1
305,0.238281,7.813e-4,0.4000,0.846570,1.75968011e-3,3.07444973e1,-9.11301874e-1,3,4.725e-12,-1
306,0.239063,7.813e-4,0.4000,0.846844,1.76318478e-3,3.07159542e1,-9.11422650e-1,3,4.590e-12,-1
307,0.239844,7.813e-4,0.4000,0.847116,1.76668359e-3,3.06875624e1,-9.11542793e-1,3,4.505e-12,-1
308,0.240625,7.813e-4,0.4000,0.847385,1.77017657e-3,3.06593207e1,-9.11662308e-1,3,4.405e-12,-1
309,0.241406,7.813e-4,0.4000,0.847668,1.77366374e-3,3.06312281e1,-9.11781200e-1,3,4.827e-12,-1
310,0.242188,7.813e-4,0.4000,0.847954,1.77714514e-3,3.06032834e1,-9.11899474e-1,3,4.754e-12,-1
311,0.242969,7.813e-4,0.4000,0.848237,1.78062079e-3,3.05754854e1,-9.12017136e-1,3,5.343e-12,-1
312,0.243750,7.813e-4,0.4000,0.848518,1.78409072e-3,3.05478330e1,-9.12134190e-1,3,5.478e-12,-1
313,0.244531,7.813e-4,0.4000,0.848797,1.78755496e-3,3.05203252e1,-9.12250641e-1,3,4.675e-12,-1
314,0.245313,7.813e-4,0.4000,0.849074,1.79101353e-3,3.04929609e1,-9.12366495e-1,3,5.258e-12,-1
315,0.246094,7.813e-4,0.4000,0.849349,1.79446646e-3,3.04657390e1,-9.12481756e-1,3,4.995e-12,-1
316,0.246875,7.813e-4,0.4000,0.849622,1.79791378e-3,3.04386584e1,-9.12596429e-1,3,4.420e-12,-1
317,0.247656,7.813e-4,0.4000,0.849892,1.80135551e-3,3.04117180e1,-9.12710518e-1,3,5.926e-12,-1
318,0.248438,7.813e-4,0.4000,0.850160,1.80479169e-3,3.03849169e1,-9.12824029e-1,3,5.361e-12,-1
319,0.249219,7.813e-4,0.4000,0.850426,1.80822232e-3,3.03582540e1,-9.12936965e-1,3,4.793e-12,-1
320,0.250000,7.812e-4,0.4000,0.850690,1.81164746e-3,3.03317283e1,-9.13049333e-1,3,4.974e-12,1
321,0.250781,7.813e-4,0.4000,0.850952,1.81506710e-3,3.03053388e1,-9.13161135e-1,3,5.222e-12,-1
322,0.251563,7.813e-4,0.4000,0.851212,1.81848130e-3,3.02790844e1,-9.13272377e-1,3,4.597e-12,-1
323,0.252344,7.813e-4,0.4000,0.851470,1.82189006e-3,3.02529642e1,-9.13383063e-1,3,5.123e-12,-1
324,0.253125,7.813e-4,0.4000,0.851725,1.82529341e-3,3.02269772e1,-9.13493198e-1,3,5.400e-12,-1
325,0.253906,7.813e-4,0.4000,0.851979,1.82869138e-3,3.02011224e1,-9.13602785e-1,3,4.995e-12,-1
326,0.254688,7.813e-4,0.4000,0.852231,1.83208400e-3,3.01753989e1,-9.13711829e-1,3,4.434e-12,-1
327,0.255469,7.813e-4,0.4000,0.852480,1.83547128e-3,3.01498058e1,-9.13820335e-1,3,4.917e-12,-1
328,0.256250,7.813e-4,0.4000,0.852728,1.83885325e-3,3.01243419e1,-9.13928306e-1,3,4.967e-12,-1
329,0.257031,7.813e-4,0.4000,0.852973,1.84222994e-3,3.00990066e1,-9.14035747e-1,3,4.768e-12,-1
330,0.257813,7.813e-4,0.4000,0.853217,1.84560137e-3,3.00737987e1,-9.14142662e-1,3,5.045e-12,-1
331,0.258594,7.813e-4,0.4000,0.853459,1.84896757e-3,3.00487175e1,-9.14249054e-1,3,4.896e-12,-1
332,0.259375,7.813e-4,0.4000,0.853698,1.85232855e-3,3.00237619e1,-9.14354928e-1,3,5.031e-12,-1
333,0.260156,7.813e-4,0.4000,0.853936,1.85568434e-3,2.99989312e1,-9.14460289e-1,3,5.016e-12,-1
334,0.260938,7.813e-4,0.4000,0.854173,1.85903497e-3,2.99742244e1,-9.14565139e-1,3,5.617e-12,-1
335,0.261719,7.813e-4,0.4000,0.854425,1.86238045e-3,2.99496406e1,-9.14669482e-1,3,5.226e-12,-1
336,0.262500,7.813e-4,0.4000,0.854675,1.86572081e-3,2.99251790e1,-9.14773323e-1,3,5.126e-12,-1
337,0.263281,7.813e-4,0.4000,0.854923,1.86905608e-3,2.99008386e1,-9.14876666e-1,3,5.421e-12,-1
338,0.264063,7.813e-4,0.4000,0.855170,1.87238627e-3,2.98766188e1,-9.14979514e-1,3,5.073e-12,-1
339,0.264844,7.813e-4,0.4000,0.855414,1.87571141e-3,2.98525185e1,-9.15081870e-1,3,4.860e-12,-1
340,0.265625,7.813e-4,0.4000,0.855657,1.87903152e-3,2.98285370e1,-9.15183739e-1,3,5.048e-12,-1
341,0.266406,7.813e-4,0.4000,0.855898,1.88234663e-3,2.98046735e1,-9.15285125e-1,3,4.860e-12,-1
342,0.267188,7.813e-4,0.4000,0.856138,1.88565674e-3,2.97809271e1,-9.15386030e-1,3,5.294e-12,-1
343,0.267969,7.813e-4,0.4000,0.856375,1.88896190e-3,2.97572969e1,-9.15486458e-1,3,4.624e-12,-1
344,0.268750,7.813e-4,0.4000,0.856611,1.89226211e-3,2.97337823e1,-9.15586414e-1,3,5.379e-12,-1
345,0.269531,7.813e-4,0.4000,0.856845,1.89555740e-3,2.97103824e1,-9.15685900e-1,3,4.842e-12,-1
346,0.270313,7.813e-4,0.4000,0.857077,1.89884779e-3,2.96870964e1,-9.15784920e-1,3,5.429e-12,-1
347,0.271094,7.813e-4,0.4000,0.857307,1.90213330e-3,2.96639235e1,-9.15883477e-1,3,5.006e-12,-1
348,0.271875,7.813e-4,0.4000,0.857536,1.90541395e-3,2.96408630e1,-9.15981575e-1,3,5.063e-12,-1
349,0.272656,7.813e-4,0.4000,0.857763,1.90868977e-3,2.96179140e1,-9.16079217e-1,3,6.281e-12,-1
350,0.273438,7.813e-4,0.4000,0.857988,1.91196077e-3,2.95950759e1,-9.16176407e-1,3,4.905e-12,-1
351,0.274219,7.813e-4,0.4000,0.858212,1.91522698e-3,2.95723479e1,-9.16273147e-1,3,5.498e-12,-1
352,0.275000,7.813e-4,0.4000,0.858433,1.91848841e-3,2.95497292e1,-9.16369442e-1,3,5.244e-12,-1
353,0.275781,7.813e-4,0.4000,0.858653,1.92174509e-3,2.95272190e1,-9.16465293e-1,3,5.445e-12,-1
354,0.276563,7.813e-4,0.4000,0.858872,1.92499704e-3,2.95048167e1,-9.16560706e-1,3,5.933e-12,-1
355,0.277344,7.813e-4,0.4000,0.859089,1.92824427e-3,2.94825216e1,-9.16655681e-1,3,5.166e-12,-1
356,0.278125,7.813e-4,0.4000,0.859304,1.93148680e-3,2.94603328e1,-9.16750224e-1,3,5.305e-12,-1
357,0.278906,7.813e-4,0.4000,0.859517,1.93472467e-3,2.94382497e1,-9.16844336e-1,3,5.978e-12,-1
358,0.279688,7.813e-4,0.4000,0.859729,1.93795787e-3,2.94162717e1,-9.16938022e-1,3,5.699e-12,-1
359,0.280469,7.813e-4,0.4000,0.859940,1.94118644e-3,2.93943979e1,-9.17031283e-1,3,5.077e-12,-1
360,0.281250,7.813e-4,0.4000,0.860151,1.94441040e-3,2.93726277e1,-9.17124124e-1,3,5.649e-12,-1
361,0.282031,7.813e-4,0.4000,0.860374,1.94762976e-3,2.93509604e1,-9.17216546e-1,3,5.122e-12,-1
362,0.282813,7.813e-4,0.4000,0.860595,1.95084454e-3,2.93293953e1,-9.17308553e-1,3,5.470e-12,-1
363,0.283594,7.813e-4,0.4000,0.860815,1.95405476e-3,2.93079318e1,-9.17400148e-1,3,5.469e-12,-1
364,0.284375,7.813e-4,0.4000,0.861033,1.95726044e-3,2.92865691e1,-9.17491334e-1,3,5.294e-12,-1
365,0.285156,7.813e-4,0.4000,0.861250,1.96046160e-3,2.92653067e1,-9.17582114e-1,3,5.753e-12,-1
366,0.285938,7.813e-4,0.4000,0.861465,1.96365826e-3,2.92441438e1,-9.17672490e-1,3,5.536e-12,-1
367,0.286719,7.813e-4,0.4000,0.861679,1.96685043e-3,2.92230799e1,-9.17762465e-1,3,6.118e-12,-1
368,0.287500,7.813e-4,0.4000,0.861891,1.97003814e-3,2.92021142e1,-9.17852043e-1,3,6.079e-12,-1
369,0.288281,7.813e-4,0.4000,0.862102,1.97322140e-3,2.91812461e1,-9.17941225e-1,3,5.731e-12,-1
370,0.289063,7.813e-4,0.4000,0.862311,1.97640023e-3,2.91604751e1,-9.18030015e-1,3,5.924e-12,-1
371,0.289844,7.813e-4,0.4000,0.862518,1.97957465e-3,2.91398004e1,-9.18118415e-1,3,6.080e-12,-1
372,0.290625,7.813e-4,0.4000,0.862725,1.98274467e-3,2.91192214e1,-9.18206428e-1,3,6.382e-12,-1
373,0.291406,7.813e-4,0.4000,0.862929,1.98591032e-3,2.90987376e1,-9.18294057e-1,3,6.196e-12,-1
374,0.292188,7.813e-4,0.4000,0.863133,1.98907161e-3,2.90783482e1,-9.18381303e-1,3,5.377e-12,-1
375,0.292969,7.813e-4,0.4000,0.863335,1.99222856e-3,2.90580528e1,-9.18468171e-1,3,5.823e-12,-1
376,0.293750,7.813e-4,0.4000,0.863535,1.99538118e-3,2.90378507e1,-9.18554662e-1,3,5.556e-12,-1
377,0.294531,7.813e-4,0.4000,0.863734,1.99852950e-3,2.90177413e1,-9.18640779e-1,3,6.263e-12,-1
378,0.295313,7.813e-4,0.4000,0.863931,2.00167353e-3,2.89977240e1,-9.18726525e-1,3,7.200e-12,-1
379,0.296094,7.813e-4,0.4000,0.864128,2.00481328e-3,2.89777983e1,-9.18811902e-1,3,5.524e-12,-1
380,0.296875,7.813e-4,0.4000,0.864322,2.00794879e-3,2.89579635e1,-9.18896912e-1,3,6.008e-12,-1
381,0.297656,7.813e-4,0.4000,0.864516,2.01108005e-3,2.89382191e1,-9.18981558e-1,3,5.791e-12,-1
382,0.298438,7.813e-4,0.4000,0.864708,2.01420709e-3,2.89185646e1,-9.19065842e-1,3,5.714e-12,-1
383,0.299219,7.813e-4,0.4000,0.864898,2.01732992e-3,2.88989992e1,-9.19149768e-1,3,5.805e-12,-1
384,0.300000,7.813e-4,0.4000,0.865087,2.02044857e-3,2.88795226e1,-9.19233336e-1,3,5.187e-12,-1
385,0.300781,7.813e-4,0.4000,0.865275,2.02356305e-3,2.88601341e1,-9.19316550e-1,3,5.948e-12,-1
386,0.301563,7.813e-4,0.4000,0.865462,2.02667336e-3,2.88408331e1,-9.19399412e-1,3,5.688e-12,-1
387,0.302344,7.813e-4,0.4000,0.865661,2.02977954e-3,2.88216192e1,-9.19481925e-1,3,5.983e-12,-1
388,0.303125,7.813e-4,0.4000,0.865859,2.03288160e-3,2.88024918e1,-9.19564090e-1,3,5.777e-12,-1
389,0.303906,7.813e-4,0.4000,0.866055,2.03597954e-3,2.87834504e1,-9.19645909e-1,3,5.091e-12,-1
390,0.304688,7.813e-4,0.4000,0.866250,2.03907340e-3,2.87644943e1,-9.19727386e-1,3,5.761e-12,-1
391,0.305469,7.813e-4,0.4000,0.866444,2.04216318e-3,2.87456232e1,-9.19808522e-1,3,5.705e-12,-1
392,0.306250,7.813e-4,0.4000,0.866636,2.04524890e-3,2.87268365e1,-9.19889320e-1,3,6.532e-12,-1
393,0.307031,7.813e-4,0.4000,0.866827,2.04833057e-3,2.87081336e1,-9.19969782e-1,3,6.541e-12,-1
394,0.307813,7.813e-4,0.4000,0.867017,2.05140821e-3,2.86895140e1,-9.20049909e-1,3,6.548e-12,-1
395,0.308594,7.813e-4,0.4000,0.867206,2.05448184e-3,2.86709773e1,-9.20129705e-1,3,5.720e-12,-1
396,0.309375,7.813e-4,0.4000,0.867393,2.05755147e-3,2.86525229e1,-9.20209171e-1,3,5.411e-12,-1
397,0.310156,7.813e-4,0.4000,0.867579,2.06061712e-3,2.86341504e1,-9.20288309e-1,3,5.934e-12,-1
398,0.310938,7.813e-4,0.4000,0.867764,2.06367880e-3,2.86158591e1,-9.20367122e-1,3,5.966e-12,-1
399,0.311719,7.813e-4,0.4000,0.867947,2.06673652e-3,2.85976487e1,-9.20445612e-1,3,6.452e-12,-1
400,0.312500,7.813e-4,0.4000,0.868130,2.06979031e-3,2.85795186e1,-9.20523780e-1,3,6.266e-12,-1
401,0.313281,7.813e-4,0.4000,0.868311,2.07284017e-3,2.85614684e1,-9.20601629e-1,3,5.601e-12,-1
402,0.314063,7.813e-4,0.4000,0.868491,2.07588613e-3,2.85434976e1,-9.20679161e-1,3,6.185e-12,-1
403,0.314844,7.813e-4,0.4000,0.868669,2.07892819e-3,2.85256057e1,-9.20756377e-1,3,6.310e-12,-1
404,0.315625,7.813e-4,0.4000,0.868847,2.08196637e-3,2.85077922e1,-9.20833280e-1,3,6.075e-12,-1
405,0.316406,7.813e-4,0.4000,0.869023,2.08500068e-3,2.84900567e1,-9.20909872e-1,3,6.963e-12,-1
406,0.317188,7.813e-4,0.4000,0.869198,2.08803115e-3,2.84723986e1,-9.20986155e-1,3,6.031e-12,-1
407,0.317969,7.813e-4,0.4000,0.869372,2.09105777e-3,2.84548176e1,-9.21062130e-1,3,5.677e-12,-1
408,0.318750,7.813e-4,0.4000,0.869545,2.09408058e-3,2.84373132e1,-9.21137800e-1,3,6.452e-12,-1
409,0.319531,7.813e-4,0.4000,0.869716,2.09709957e-3,2.84198849e1,-9.21213167e-1,3,6.395e-12,-1
410,0.320313,7.813e-4,0.4000,0.869886,2.10011477e-3,2.84025322e1,-9.21288231e-1,3,6.242e-12,-1
411,0.321094,7.813e-4,0.4000,0.870056,2.10312619e-3,2.83852548e1,-9.21362997e-1,3,6.007e-12,-1
412,0.321875,7.813e-4,0.4000,0.870224,2.10613385e-3,2.83680522e1,-9.21437464e-1,3,6.347e-12,-1
413,0.322656,7.813e-4,0.4000,0.870399,2.10913775e-3,2.83509239e1,-9.21511635e-1,3,5.835e-12,-1
414,0.323438,7.813e-4,0.4000,0.870576,2.11213791e-3,2.83338695e1,-9.21585512e-1,3,5.812e-12,-1
415,0.324219,7.813e-4,0.4000,0.870753,2.11513435e-3,2.83168886e1,-9.21659097e-1,3,5.956e-12,-1
416,0.325000,7.813e-4,0.4000,0.870929,2.11812707e-3,2.82999807e1,-9.21732391e-1,3,6.464e-12,-1
417,0.325781,7.813e-4,0.4000,0.871103,2.12111610e-3,2.82831454e1,-9.21805396e-1,3,6.070e-12,-1
418,0.326563,7.813e-4,0.4000,0.871277,2.12410144e-3,2.82663824e1,-9.21878114e-1,3,6.241e-12,-1
419,0.327344,7.813e-4,0.4000,0.871449,2.12708311e-3,2.82496911e1,-9.21950547e-1,3,6.308e-12,-1
420,0.328125,7.813e-4,0.4000,0.871620,2.13006112e-3,2.82330711e1,-9.22022697e-1,3,5.848e-12,-1
421,0.328906,7.813e-4,0.4000,0.871790,2.13303548e-3,2.82165221e1,-9.22094564e-1,3,5.622e-12,-1
422,0.329688,7.813e-4,0.4000,0.871959,2.13600621e-3,2.82000437e1,-9.22166152e-1,3,5.890e-12,-1
423,0.330469,7.813e-4,0.4000,0.872127,2.13897333e-3,2.81836354e1,-9.22237461e-1,3,5.951e-12,-1
424,0.331250,7.813e-4,0.4000,0.872294,2.14193683e-3,2.81672968e1,-9.22308494e-1,3,5.954e-12,-1
425,0.332031,7.813e-4,0.4000,0.872460,2.14489674e-3,2.81510275e1,-9.22379251e-1,3,5.472e-12,-1
426,0.332813,7.813e-4,0.4000,0.872625,2.14785308e-3,2.81348272e1,-9.22449735e-1,3,5.883e-12,-1
427,0.333594,7.813e-4,0.4000,0.872789,2.15080584e-3,2.81186954e1,-9.22519947e-1,3,5.716e-12,-1
428,0.334375,7.813e-4,0.4000,0.872951,2.15375505e-3,2.81026318e1,-9.22589889e-1,3,6.168e-12,-1
429,0.335156,7.813e-4,0.4000,0.873113,2.15670071e-3,2.80866359e1,-9.22659563e-1,3,6.450e-12,-1
430,0.335938,7.813e-4,0.4000,0.873274,2.15964284e-3,2.80707074e1,-9.22728970e-1,3,6.242e-12,-1
431,0.336719,7.813e-4,0.4000,0.873433,2.16258146e-3,2.80548459e1,-9.22798111e-1,3,6.061e-12,-1
432,0.337500,7.813e-4,0.4000,0.873592,2.16551657e-3,2.80390510e1,-9.22866989e-1,3,6.050e-12,-1
433,0.338281,7.813e-4,0.4000,0.873749,2.16844818e-3,2.80233224e1,-9.22935604e-1,3,6.712e-12,-1
434,0.339063,7.813e-4,0.4000,0.873906,2.17137632e-3,2.80076596e1,-9.23003959e-1,3,5.749e-12,-1
435,0.339844,7.813e-4,0.4000,0.874061,2.17430098e-3,2.79920623e1,-9.23072054e-1,3,6.254e-12,-1
436,0.340625,7.813e-4,0.4000,0.874216,2.17722219e-3,2.79765302e1,-9.23139892e-1,3,5.741e-12,-1
437,0.341406,7.813e-4,0.4000,0.874369,2.18013995e-3,2.79610629e1,-9.23207474e-1,3,6.476e-12,-1
438,0.342188,7.813e-4,0.4000,0.874522,2.18305428e-3,2.79456599e1,-9.23274802e-1,3,6.362e-12,-1
439,0.342969,7.813e-4,0.4000,0.874674,2.18596519e-3,2.79303210e1,-9.23341876e-1,3,5.986e-12,-1
440,0.343750,7.813e-4,0.4000,0.874835,2.18887268e-3,2.79150458e1,-9.23408699e-1,3,6.626e-12,-1
441,0.344531,7.813e-4,0.4000,0.874995,2.19177678e-3,2.78998339e1,-9.23475271e-1,3,6.338e-12,-1
442,0.345313,7.813e-4,0.4000,0.875155,2.19467749e-3,2.78846851e1,-9.23541595e-1,3,6.112e-12,-1
443,0.346094,7.813e-4,0.4000,0.875313,2.19757483e-3,2.78695988e1,-9.23607671e-1,3,6.768e-12,-1
444,0.346875,7.813e-4,0.4000,0.875470,2.20046880e-3,2.78545749e1,-9.23673502e-1,3,6.407e-12,-1
445,0.347656,7.813e-4,0.4000,0.875627,2.20335943e-3,2.78396129e1,-9.23739088e-1,3,6.747e-12,-1
446,0.348438,7.813e-4,0.4000,0.875782,2.20624671e-3,2.78247126e1,-9.23804431e-1,3,5.860e-12,-1
447,0.349219,7.813e-4,0.4000,0.875937,2.20913066e-3,2.78098735e1,-9.23869532e-1,3,6.067e-12,-1
448,0.350000,7.813e-4,0.4000,0.876091,2.21201129e-3,2.77950954e1,-9.23934394e-1,3,7.006e-12,-1
449,0.350781,7.813e-4,0.4000,0.876243,2.21488862e-3,2.77803779e1,-9.23999016e-1,3,5.735e-12,-1
450,0.351563,7.813e-4,0.4000,0.876395,2.21776265e-3,2.77657206e1,-9.24063401e-1,3,6.232e-12,-1
451,0.352344,7.813e-4,0.4000,0.876546,2.22063340e-3,2.77511233e1,-9.24127549e-1,3,6.320e-12,-1
452,0.353125,7.813e-4,0.4000,0.876696,2.22350087e-3,2.77365857e1,-9.24191463e-1,3,6.480e-12,-1
453,0.353906,7.813e-4,0.4000,0.876845,2.22636508e-3,2.77221073e1,-9.24255143e-1,3,6.898e-12,-1
454,0.354688,7.813e-4,0.4000,0.876993,2.22922604e-3,2.77076880e1,-9.24318591e-1,3,6.165e-12,-1
455,0.355469,7.813e-4,0.4000,0.877140,2.23208376e-3,2.76933273e1,-9.24381809e-1,3,6.386e-12,-1
456,0.356250,7.813e-4,0.4000,0.877287,2.23493824e-3,2.76790249e1,-9.24444796e-1,3,5.723e-12,-1
457,0.357031,7.813e-4,0.4000,0.877432,2.23778951e-3,2.76647806e1,-9.24507555e-1,3,6.825e-12,-1
458,0.357813,7.813e-4,0.4000,0.877577,2.24063757e-3,2.76505940e1,-9.24570088e-1,3,6.312e-12,-1
459,0.358594,7.813e-4,0.4000,0.877720,2.24348243e-3,2.76364649e1,-9.24632394e-1,3,6.316e-12,-1
460,0.359375,7.813e-4,0.4000,0.877863,2.24632411e-3,2.76223928e1,-9.24694476e-1,3,6.432e-12,-1
461,0.360156,7.813e-4,0.4000,0.878005,2.24916260e-3,2.76083776e1,-9.24756335e-1,3,5.932e-12,-1
462,0.360938,7.813e-4,0.4000,0.878146,2.25199793e-3,2.75944189e1,-9.24817972e-1,3,7.923e-12,-1
463,0.361719,7.813e-4,0.4000,0.878286,2.25483011e-3,2.75805164e1,-9.24879388e-1,3,5.905e-12,-1
464,0.362500,7.813e-4,0.4000,0.878426,2.25765914e-3,2.75666698e1,-9.24940584e-1,3,6.162e-12,-1
465,0.363281,7.813e-4,0.4000,0.878564,2.26048503e-3,2.75528788e1,-9.25001562e-1,3,6.530e-12,-1
466,0.364063,7.813e-4,0.4000,0.878703,2.26330779e-3,2.75391431e1,-9.25062323e-1,3,5.871e-12,-1
467,0.364844,7.813e-4,0.4000,0.878850,2.26612745e-3,2.75254624e1,-9.25122868e-1,3,6.487e-12,-1
468,0.365625,7.813e-4,0.4000,0.878995,2.26894399e-3,2.75118365e1,-9.25183198e-1,3,6.075e-12,-1
469,0.366406,7.813e-4,0.4000,0.879140,2.27175744e-3,2.74982651e1,-9.25243314e-1,3,6.663e-12,-1
470,0.367188,7.813e-4,0.4000,0.879283,2.27456781e-3,2.74847478e1,-9.25303218e-1,3,6.192e-12,-1
471,0.367969,7.813e-4,0.4000,0.879426,2.27737510e-3,2.74712844e1,-9.25362911e-1,3,6.815e-12,-1
472,0.368750,7.813e-4,0.4000,0.879568,2.28017932e-3,2.74578746e1,-9.25422394e-1,3,6.736e-12,-1
473,0.369531,7.813e-4,0.4000,0.879710,2.28298049e-3,2.74445181e1,-9.25481667e-1,3,6.180e-12,-1
474,0.370313,7.813e-4,0.4000,0.879850,2.28577862e-3,2.74312147e1,-9.25540733e-1,3,6.308e-12,-1
475,0.371094,7.813e-4,0.4000,0.879990,2.28857371e-3,2.74179641e1,-9.25599592e-1,3,6.219e-12,-1
476,0.371875,7.813e-4,0.4000,0.880129,2.29136577e-3,2.74047659e1,-9.25658245e-1,3,6.381e-12,-1
477,0.372656,7.813e-4,0.4000,0.880267,2.29415481e-3,2.73916200e1,-9.25716694e-1,3,6.274e-12,-1
478,0.373438,7.813e-4,0.4000,0.880404,2.29694085e-3,2.73785260e1,-9.25774940e-1,3,6.608e-12,-1
479,0.374219,7.813e-4,0.4000,0.880540,2.29972389e-3,2.73654838e1,-9.25832983e-1,3,6.557e-12,-1
480,0.375000,7.813e-4,0.4000,0.880676,2.30250394e-3,2.73524929e1,-9.25890825e-1,3,6.817e-12,-1
481,0.375781,7.813e-4,0.4000,0.880811,2.30528102e-3,2.73395532e1,-9.25948466e-1,3,6.366e-12,-1
482,0.376563,7.813e-4,0.4000,0.880945,2.30805512e-3,2.73266645e1,-9.26005909e-1,3,6.256e-12,-1
483,0.377344,7.813e-4,0.4000,0.881078,2.31082627e-3,2.73138263e1,-9.26063153e-1,3,5.961e-12,-1
484,0.378125,7.813e-4,0.4000,0.881211,2.31359446e-3,2.73010386e1,-9.26120200e-1,3,5.795e-12,-1
485,0.378906,7.813e-4,0.4000,0.881343,2.31635972e-3,2.72883009e1,-9.26177052e-1,3,6.560e-12,-1
486,0.379688,7.813e-4,0.4000,0.881474,2.31912204e-3,2.72756132e1,-9.26233708e-1,3,6.373e-12,-1
487,0.380469,7.813e-4,0.4000,0.881604,2.32188143e-3,2.72629750e1,-9.26290171e-1,3,6.636e-12,-1
488,0.381250,7.813e-4,0.4000,0.881734,2.32463792e-3,2.72503862e1,-9.26346440e-1,3,6.899e-12,-1
489,0.382031,7.813e-4,0.4000,0.881863,2.32739150e-3,2.72378466e1,-9.26402518e-1,3,6.953e-12,-1
490,0.382813,7.813e-4,0.4000,0.881991,2.33014218e-3,2.72253558e1,-9.26458405e-1,3,6.466e-12,-1
491,0.383594,7.813e-4,0.4000,0.882118,2.33288998e-3,2.72129136e1,-9.26514102e-1,3,6.121e-12,-1
492,0.384375,7.813e-4,0.4000,0.882244,2.33563490e-3,2.72005198e1,-9.26569610e-1,3,6.281e-12,-1
493,0.385156,7.813e-4,0.4000,0.882371,2.33837695e-3,2.71881742e1,-9.26624930e-1,3,6.440e-12,-1
494,0.385938,7.813e-4,0.4000,0.882504,2.34111614e-3,2.71758765e1,-9.26680063e-1,3,6.576e-12,-1
495,0.386719,7.813e-4,0.4000,0.882637,2.34385248e-3,2.71636264e1,-9.26735010e-1,3,5.876e-12,-1
496,0.387500,7.813e-4,0.4000,0.882769,2.34658597e-3,2.71514237e1,-9.26789773e-1,3,6.628e-12,-1
497,0.388281,7.813e-4,0.4000,0.882900,2.34931663e-3,2.71392682e1,-9.26844351e-1,3,6.759e-12,-1
498,0.389063,7.813e-4,0.4000,0.883031,2.35204447e-3,2.71271596e1,-9.26898746e-1,3,6.331e-12,-1
499,0.389844,7.813e-4,0.4000,0.883160,2.35476949e-3,2.71150978e1,-9.26952959e-1,3,6.317e-12,-1
500,0.390625,7.813e-4,0.4000,0.883290,2.35749170e-3,2.71030825e1,-9.27006990e-1,3,6.767e-12,-1
501,0.391406,7.813e-4,0.4000,0.883418,2.36021111e-3,2.70911134e1,-9.27060842e-1,3,6.937e-12,-1
502,0.392188,7.813e-4,0.4000,0.883546,2.36292774e-3,2.70791903e1,-9.27114514e-1,3,6.469e-12,-1
503,0.392969,7.813e-4,0.4000,0.883673,2.36564157e-3,2.70673131e1,-9.27168007e-1,3,6.563e-12,-1
504,0.393750,7.813e-4,0.4000,0.883799,2.36835264e-3,2.70554814e1,-9.27221323e-1,3,7.908e-12,-1
505,0.394531,7.813e-4,0.4000,0.883925,2.37106094e-3,2.70436950e1,-9.27274462e-1,3,6.331e-12,-1
506,0.395313,7.813e-4,0.4000,0.884050,2.37376648e-3,2.70319538e1,-9.27327426e-1,3,6.395e-12,-1
507,0.396094,7.813e-4,0.4000,0.884174,2.37646927e-3,2.70202575e1,-9.27380215e-1,3,6.396e-12,-1
508,0.396875,7.813e-4,0.4000,0.884298,2.37916932e-3,2.70086059e1,-9.27432829e-1,3,6.187e-12,-1
509,0.397656,7.813e-4,0.4000,0.884420,2.38186664e-3,2.69969987e1,-9.27485271e-1,3,6.485e-12,-1
510,0.398438,7.813e-4,0.4000,0.884543,2.38456123e-3,2.69854358e1,-9.27537540e-1,3,6.715e-12,-1
511,0.399219,7.813e-4,0.4000,0.884664,2.38725311e-3,2.69739170e1,-9.27589638e-1,3,7.130e-12,-1
512,0.400000,7.813e-4,0.4000,0.884785,2.38994228e-3,2.69624420e1,-9.27641565e-1,3,6.569e-12,-1
513,0.400781,7.813e-4,0.4000,0.884905,2.39262875e-3,2.69510105e1,-9.27693323e-1,3,6.805e-12,-1
514,0.401563,7.813e-4,0.4000,0.885025,2.39531252e-3,2.69396225e1,-9.27744912e-1,3,6.203e-12,-1
515,0.402344,7.813e-4,0.4000,0.885144,2.39799361e-3,2.69282777e1,-9.27796333e-1,3,6.697e-12,-1
516,0.403125,7.813e-4,0.4000,0.885262,2.40067203e-3,2.69169759e1,-9.27847587e-1,3,6.395e-12,-1
517,0.403906,7.813e-4,0.4000,0.885380,2.40334778e-3,2.69057168e1,-9.27898674e-1,3,6.972e-12,-1
518,0.404688,7.813e-4,0.4000,0.885496,2.40602086e-3,2.68945003e1,-9.27949596e-1,3,6.841e-12,-1
519,0.405469,7.813e-4,0.4000,0.885613,2.40869129e-3,2.68833262e1,-9.28000353e-1,3,6.006e-12,-1
520,0.406250,7.813e-4,0.4000,0.885728,2.41135908e-3,2.68721943e1,-9.28050947e-1,3,6.935e-12,-1
521,0.407031,7.813e-4,0.4000,0.885848,2.41402423e-3,2.68611043e1,-9.28101377e-1,3,6.908e-12,-1
522,0.407813,7.813e-4,0.4000,0.885970,2.41668675e-3,2.68500561e1,-9.28151645e-1,3,6.629e-12,-1
523,0.408594,7.813e-4,0.4000,0.886091,2.41934665e-3,2.68390494e1,-9.28201752e-1,3,6.313e-12,-1
524,0.409375,7.813e-4,0.4000,0.886212,2.42200393e-3,2.68280841e1,-9.28251698e-1,3,6.770e-12,-1
525,0.410156,7.813e-4,0.4000,0.886332,2.42465861e-3,2.68171600e1,-9.28301484e-1,3,6.819e-12,-1
526,0.410938,7.813e-4,0.4000,0.886451,2.42731069e-3,2.68062769e1,-9.28351111e-1,3,6.202e-12,-1
527,0.411719,7.813e-4,0.4000,0.886570,2.42996018e-3,2.67954345e1,-9.28400580e-1,3,7.134e-12,-1
528,0.412500,7.813e-4,0.4000,0.886688,2.43260708e-3,2.67846328e1,-9.28449891e-1,3,7.034e-12,-1
529,0.413281,7.813e-4,0.4000,0.886805,2.43525140e-3,2.67738714e1,-9.28499045e-1,3,7.115e-12,-1
530,0.414063,7.813e-4,0.4000,0.886922,2.43789316e-3,2.67631503e1,-9.28548043e-1,3,6.727e-12,-1
531,0.414844,7.813e-4,0.4000,0.887038,2.44053235e-3,2.67524692e1,-9.28596886e-1,3,6.342e-12,-1
532,0.415625,7.813e-4,0.4000,0.887154,2.44316899e-3,2.67418279e1,-9.28645575e-1,3,6.490e-12,-1
533,0.416406,7.813e-4,0.4000,0.887269,2.44580308e-3,2.67312262e1,-9.28694110e-1,3,6.316e-12,-1
534,0.417188,7.813e-4,0.4000,0.887383,2.44843464e-3,2.67206640e1,-9.28742491e-1,3,6.336e-12,-1
535,0.417969,7.813e-4,0.4000,0.887497,2.45106366e-3,2.67101411e1,-9.28790721e-1,3,6.691e-12,-1
536,0.418750,7.813e-4,0.4000,0.887610,2.45369015e-3,2.66996573e1,-9.28838798e-1,3,6.224e-12,-1
537,0.419531,7.813e-4,0.4000,0.887723,2.45631412e-3,2.66892125e1,-9.28886725e-1,3,6.677e-12,-1
538,0.420313,7.813e-4,0.4000,0.887835,2.45893559e-3,2.66788063e1,-9.28934502e-1,3,6.476e-12,-1
539,0.421094,7.813e-4,0.4000,0.887946,2.46155455e-3,2.66684387e1,-9.28982130e-1,3,7.130e-12,-1
540,0.421875,7.813e-4,0.4000,0.888057,2.46417101e-3,2.66581095e1,-9.29029608e-1,3,5.953e-12,-1
541,0.422656,7.813e-4,0.4000,0.888167,2.46678498e-3,2.66478185e1,-9.29076939e-1,3,7.070e-12,-1
542,0.423438,7.813e-4,0.4000,0.888277,2.46939647e-3,2.66375655e1,-9.29124122e-1,3,6.653e-12,-1
543,0.424219,7.813e-4,0.4000,0.888386,2.47200549e-3,2.66273503e1,-9.29171159e-1,3,6.206e-12,-1
544,0.425000,7.813e-4,0.4000,0.888495,2.47461203e-3,2.66171728e1,-9.29218050e-1,3,6.478e-12,-1
545,0.425781,7.813e-4,0.4000,0.888603,2.47721611e-3,2.66070328e1,-9.29264795e-1,3,6.961e-12,-1
546,0.426563,7.813e-4,0.4000,0.888710,2.47981774e-3,2.65969302e1,-9.29311396e-1,3,6.246e-12,-1
547,0.427344,7.813e-4,0.4000,0.888817,2.48241692e-3,2.65868647e1,-9.29357854e-1,3,6.253e-12,-1
548,0.428125,7.813e-4,0.4000,0.888923,2.48501365e-3,2.65768362e1,-9.29404168e-1,3,6.875e-12,-1
549,0.428906,7.813e-4,0.4000,0.889036,2.48760796e-3,2.65668445e1,-9.29450339e-1,3,6.723e-12,-1
550,0.429688,7.813e-4,0.4000,0.889148,2.49019983e-3,2.65568895e1,-9.29496369e-1,3,6.382e-12,-1
551,0.430469,7.813e-4,0.4000,0.889259,2.49278928e-3,2.65469709e1,-9.29542257e-1,3,6.608e-12,-1
552,0.431250,7.813e-4,0.4000,0.889369,2.49537632e-3,2.65370887e1,-9.29588005e-1,3,6.889e-12,-1
553,0.432031,7.813e-4,0.4000,0.889480,2.49796095e-3,2.65272427e1,-9.29633613e-1,3,7.339e-12,-1
554,0.432813,7.813e-4,0.4000,0.889589,2.50054318e-3,2.65174326e1,-9.29679082e-1,3,7.226e-12,-1
555,0.433594,7.813e-4,0.4000,0.889698,2.50312302e-3,2.65076584e1,-9.29724412e-1,3,6.473e-12,-1
556,0.434375,7.813e-4,0.4000,0.889807,2.50570046e-3,2.64979198e1,-9.29769604e-1,3,7.452e-12,-1
557,0.435156,7.813e-4,0.4000,0.889915,2.50827553e-3,2.64882167e1,-9.29814659e-1,3,6.824e-12,-1
558,0.435938,7.813e-4,0.4000,0.890022,2.51084822e-3,2.64785490e1,-9.29859577e-1,3,6.862e-12,-1
559,0.436719,7.813e-4,0.4000,0.890129,2.51341854e-3,2.64689165e1,-9.29904359e-1,3,6.672e-12,-1
560,0.437500,7.813e-4,0.4000,0.890235,2.51598650e-3,2.64593190e1,-9.29949006e-1,3,7.105e-12,-1
561,0.438281,7.813e-4,0.4000,0.890341,2.51855210e-3,2.64497564e1,-9.29993518e-1,3,6.451e-12,-1
562,0.439063,7.813e-4,0.4000,0.890446,2.52111535e-3,2.64402285e1,-9.30037895e-1,3,7.525e-12,-1
563,0.439844,7.813e-4,0.4000,0.890551,2.52367627e-3,2.64307352e1,-9.30082139e-1,3,6.942e-12,-1
564,0.440625,7.813e-4,0.4000,0.890655,2.52623484e-3,2.64212763e1,-9.30126251e-1,3,6.239e-12,-1
565,0.441406,7.813e-4,0.4000,0.890759,2.52879109e-3,2.64118516e1,-9.30170229e-1,3,6.666e-12,-1
566,0.442188,7.813e-4,0.4000,0.890862,2.53134501e-3,2.64024611e1,-9.30214076e-1,3,7.130e-12,-1
567,0.442969,7.813e-4,0.4000,0.890965,2.53389661e-3,2.63931045e1,-9.30257792e-1,3,7.211e-12,-1
568,0.443750,7.813e-4,0.4000,0.891067,2.53644590e-3,2.63837817e1,-9.30301377e-1,3,6.642e-12,-1
569,0.444531,7.813e-4,0.4000,0.891168,2.53899289e-3,2.63744926e1,-9.30344833e-1,3,6.054e-12,-1
570,0.445313,7.813e-4,0.4000,0.891270,2.54153758e-3,2.63652370e1,-9.30388158e-1,3,6.629e-12,-1
571,0.446094,7.813e-4,0.4000,0.891370,2.54407997e-3,2.63560147e1,-9.30431355e-1,3,7.140e-12,-1
572,0.446875,7.813e-4,0.4000,0.891470,2.54662008e-3,2.63468257e1,-9.30474424e-1,3,6.171e-12,-1
573,0.447656,7.813e-4,0.4000,0.891570,2.54915791e-3,2.63376697e1,-9.30517365e-1,3,6.686e-12,-1
574,0.448438,7.813e-4,0.4000,0.891669,2.55169346e-3,2.63285467e1,-9.30560179e-1,3,6.409e-12,-1
575,0.449219,7.813e-4,0.4000,0.891768,2.55422675e-3,2.63194564e1,-9.30602867e-1,3,7.129e-12,-1
576,0.450000,7.813e-4,0.4000,0.891867,2.55675777e-3,2.63103988e1,-9.30645428e-1,3,7.145e-12,-1
577,0.450781,7.813e-4,0.4000,0.891970,2.55928654e-3,2.63013737e1,-9.30687864e-1,3,7.006e-12,-1
578,0.451563,7.813e-4,0.4000,0.892074,2.56181306e-3,2.62923809e1,-9.30730176e-1,3,6.630e-12,-1
579,0.452344,7.813e-4,0.4000,0.892176,2.56433733e-3,2.62834203e1,-9.30772362e-1,3,6.306e-12,-1
580,0.453125,7.813e-4,0.4000,0.892278,2.56685936e-3,2.62744918e1,-9.30814426e-1,3,6.308e-12,-1
581,0.453906,7.813e-4,0.4000,0.892380,2.56937916e-3,2.62655953e1,-9.30856366e-1,3,6.832e-12,-1
582,0.454688,7.813e-4,0.4000,0.892481,2.57189674e-3,2.62567305e1,-9.30898183e-1,3,6.636e-12,-1
583,0.455469,7.813e-4,0.4000,0.892582,2.57441209e-3,2.62478974e1,-9.30939878e-1,3,6.932e-12,-1
584,0.456250,7.813e-4,0.4000,0.892682,2.57692523e-3,2.62390958e1,-9.30981452e-1,3,7.019e-12,-1
585,0.457031,7.813e-4,0.4000,0.892781,2.57943616e-3,2.62303256e1,-9.31022905e-1,3,7.361e-12,-1
586,0.457813,7.813e-4,0.4000,0.892881,2.58194488e-3,2.62215867e1,-9.31064237e-1,3,6.824e-12,-1
587,0.458594,7.813e-4,0.4000,0.892979,2.58445141e-3,2.62128788e1,-9.31105449e-1,3,7.184e-12,-1
588,0.459375,7.813e-4,0.4000,0.893078,2.58695574e-3,2.62042020e1,-9.31146542e-1,3,7.379e-12,-1
589,0.460156,7.813e-4,0.4000,0.893175,2.58945789e-3,2.61955560e1,-9.31187515e-1,3,6.683e-12,-1
590,0.460938,7.813e-4,0.4000,0.893273,2.59195786e-3,2.61869407e1,-9.31228371e-1,3,6.260e-12,-1
591,0.461719,7.813e-4,0.4000,0.893370,2.59445566e-3,2.61783560e1,-9.31269108e-1,3,6.675e-12,-1
592,0.462500,7.813e-4,0.4000,0.893466,2.59695128e-3,2.61698018e1,-9.31309728e-1,3,6.949e-12,-1
593,0.463281,7.813e-4,0.4000,0.893562,2.59944474e-3,2.61612779e1,-9.31350232e-1,3,7.873e-12,-1
594,0.464063,7.813e-4,0.4000,0.893657,2.60193604e-3,2.61527842e1,-9.31390618e-1,3,7.027e-12,-1
595,0.464844,7.813e-4,0.4000,0.893752,2.60442519e-3,2.61443206e1,-9.31430889e-1,3,6.835e-12,-1
596,0.465625,7.813e-4,0.4000,0.893847,2.60691220e-3,2.61358869e1,-9.31471045e-1,3,7.256e-12,-1
597,0.466406,7.813e-4,0.4000,0.893941,2.60939706e-3,2.61274830e1,-9.31511086e-1,3,7.592e-12,-1
598,0.467188,7.813e-4,0.4000,0.894035,2.61187978e-3,2.61191088e1,-9.31551012e-1,3,7.084e-12,-1
599,0.467969,7.813e-4,0.4000,0.894128,2.61436038e-3,2.61107642e1,-9.31590824e-1,3,7.681e-12,-1
600,0.468750,7.813e-4,0.4000,0.894221,2.61683885e-3,2.61024490e1,-9.31630523e-1,3,6.986e-12,-1
601,0.469531,7.813e-4,0.4000,0.894313,2.61931520e-3,2.60941631e1,-9.31670110e-1,3,7.294e-12,-1
602,0.470313,7.813e-4,0.4000,0.894405,2.62178943e-3,2.60859065e1,-9.31709583e-1,3,6.928e-12,-1
603,0.471094,7.813e-4,0.4000,0.894496,2.62426156e-3,2.60776789e1,-9.31748945e-1,3,7.502e-12,-1
604,0.471875,7.813e-4,0.4000,0.894588,2.62673158e-3,2.60694802e1,-9.31788195e-1,3,8.432e-12,-1
605,0.472656,7.813e-4,0.4000,0.894684,2.62919951e-3,2.60613104e1,-9.31827335e-1,3,6.993e-12,-1
606,0.473438,7.813e-4,0.4000,0.894779,2.63166534e-3,2.60531693e1,-9.31866363e-1,3,6.789e-12,-1
607,0.474219,7.813e-4,0.4000,0.894874,2.63412908e-3,2.60450568e1,-9.31905282e-1,3,7.272e-12,-1
608,0.475000,7.813e-4,0.4000,0.894969,2.63659074e-3,2.60369727e1,-9.31944091e-1,3,7.404e-12,-1
609,0.475781,7.813e-4,0.4000,0.895063,2.63905033e-3,2.60289170e1,-9.31982791e-1,3,6.975e-12,-1
610,0.476563,7.813e-4,0.4000,0.895156,2.64150784e-3,2.60208895e1,-9.32021382e-1,3,7.219e-12,-1
611,0.477344,7.813e-4,0.4000,0.895250,2.64396329e-3,2.60128902e1,-9.32059865e-1,3,6.715e-12,-1
612,0.478125,7.813e-4,0.4000,0.895343,2.64641667e-3,2.60049188e1,-9.32098241e-1,3,6.896e-12,-1
613,0.478906,7.813e-4,0.4000,0.895435,2.64886800e-3,2.59969753e1,-9.32136509e-1,3,7.876e-12,-1
614,0.479688,7.813e-4,0.4000,0.895527,2.65131728e-3,2.59890596e1,-9.32174670e-1,3,6.906e-12,-1
615,0.480469,7.813e-4,0.4000,0.895619,2.65376451e-3,2.59811716e1,-9.32212724e-1,3,6.438e-12,-1
616,0.481250,7.813e-4,0.4000,0.895710,2.65620970e-3,2.59733111e1,-9.32250673e-1,3,7.077e-12,-1
617,0.482031,7.813e-4,0.4000,0.895801,2.65865285e-3,2.59654780e1,-9.32288516e-1,3,6.857e-12,-1
618,0.482813,7.813e-4,0.4000,0.895891,2.66109397e-3,2.59576722e1,-9.32326254e-1,3,7.262e-12,-1
619,0.483594,7.813e-4,0.4000,0.895981,2.66353307e-3,2.59498936e1,-9.32363888e-1,3,7.573e-12,-1
620,0.484375,7.813e-4,0.4000,0.896070,2.66597015e-3,2.59421422e1,-9.32401417e-1,3,6.828e-12,-1
621,0.485156,7.813e-4,0.4000,0.896160,2.66840521e-3,2.59344177e1,-9.32438843e-1,3,7.228e-12,-1
622,0.485938,7.813e-4,0.4000,0.896248,2.67083826e-3,2.59267200e1,-9.32476165e-1,3,7.677e-12,-1
623,0.486719,7.813e-4,0.4000,0.896337,2.67326930e-3,2.59190492e1,-9.32513384e-1,3,6.758e-12,-1
624,0.487500,7.813e-4,0.4000,0.896424,2.67569834e-3,2.59114050e1,-9.32550501e-1,3,7.299e-12,-1
625,0.488281,7.813e-4,0.4000,0.896512,2.67812539e-3,2.59037873e1,-9.32587515e-1,3,7.667e-12,-1
626,0.489063,7.813e-4,0.4000,0.896599,2.68055044e-3,2.58961961e1,-9.32624428e-1,3,6.715e-12,-1
627,0.489844,7.813e-4,0.4000,0.896686,2.68297351e-3,2.58886312e1,-9.32661240e-1,3,7.315e-12,-1
628,0.490625,7.813e-4,0.4000,0.896772,2.68539460e-3,2.58810925e1,-9.32697951e-1,3,7.326e-12,-1
629,0.491406,7.813e-4,0.4000,0.896858,2.68781371e-3,2.58735799e1,-9.32734561e-1,3,7.520e-12,-1
630,0.492188,7.813e-4,0.4000,0.896943,2.69023085e-3,2.58660934e1,-9.32771072e-1,3,7.489e-12,-1
631,0.492969,7.813e-4,0.4000,0.897028,2.69264602e-3,2.58586327e1,-9.32807483e-1,3,6.807e-12,-1
632,0.493750,7.813e-4,0.4000,0.897113,2.69505923e-3,2.58511979e1,-9.32843794e-1,3,7.230e-12,-1
633,0.494531,7.813e-4,0.4000,0.897201,2.69747049e-3,2.58437887e1,-9.32880007e-1,3,7.262e-12,-1
634,0.495313,7.813e-4,0.4000,0.897290,2.69987979e-3,2.58364051e1,-9.32916122e-1,3,7.653e-12,-1
635,0.496094,7.813e-4,0.4000,0.897378,2.70228714e-3,2.58290471e1,-9.32952138e-1,3,7.544e-12,-1
636,0.496875,7.813e-4,0.4000,0.897466,2.70469255e-3,2.58217144e1,-9.32988057e-1,3,7.420e-12,-1
637,0.497656,7.813e-4,0.4000,0.897554,2.70709602e-3,2.58144070e1,-9.33023879e-1,3,8.364e-12,-1
638,0.498438,7.813e-4,0.4000,0.897641,2.70949756e-3,2.58071248e1,-9.33059604e-1,3,8.185e-12,-1
639,0.499219,7.813e-4,0.4000,0.897728,2.71189717e-3,2.57998677e1,-9.33095232e-1,3,7.493e-12,-1
640,0.500000,7.812e-4,0.4000,0.897814,2.71429485e-3,2.57926356e1,-9.33130765e-1,3,7.098e-12,2
641,0.500781,7.813e-4,0.4000,0.897900,2.71669061e-3,2.57854283e1,-9.33166202e-1,3,7.573e-12,-1
642,0.501562,7.813e-4,0.4000,0.897986,2.71908446e-3,2.57782459e1,-9.33201543e-1,3,7.993e-12,-1
643,0.502344,7.813e-4,0.4000,0.898071,2.72147640e-3,2.57710881e1,-9.33236790e-1,3,7.544e-12,-1
644,0.503125,7.813e-4,0.4000,0.898156,2.72386643e-3,2.57639550e1,-9.33271942e-1,3,6.949e-12,-1
645,0.503906,7.813e-4,0.4000,0.898241,2.72625456e-3,2.57568463e1,-9.33307000e-1,3,8.541e-12,-1
646,0.504687,7.813e-4,0.4000,0.898325,2.72864079e-3,2.57497620e1,-9.33341965e-1,3,7.351e-12,-1
647,0.505469,7.813e-4,0.4000,0.898409,2.73102513e-3,2.57427020e1,-9.33376836e-1,3,7.631e-12,-1
648,0.506250,7.813e-4,0.4000,0.898492,2.73340758e-3,2.57356663e1,-9.33411613e-1,3,7.556e-12,-1
649,0.507031,7.813e-4,0.4000,0.898575,2.73578815e-3,2.57286546e1,-9.33446299e-1,3,7.728e-12,-1
650,0.507812,7.813e-4,0.4000,0.898658,2.73816684e-3,2.57216670e1,-9.33480892e-1,3,7.216e-12,-1
651,0.508594,7.813e-4,0.4000,0.898740,2.74054365e-3,2.57147033e1,-9.33515393e-1,3,6.814e-12,-1
652,0.509375,7.813e-4,0.4000,0.898822,2.74291859e-3,2.57077634e1,-9.33549803e-1,3,7.276e-12,-1
653,0.510156,7.813e-4,0.4000,0.898904,2.74529167e-3,2.57008473e1,-9.33584121e-1,3,7.397e-12,-1
654,0.510937,7.813e-4,0.4000,0.898985,2.74766289e-3,2.56939548e1,-9.33618349e-1,3,6.786e-12,-1
655,0.511719,7.813e-4,0.4000,0.899066,2.75003224e-3,2.56870858e1,-9.33652486e-1,3,7.581e-12,-1
656,0.512500,7.813e-4,0.4000,0.899147,2.75239975e-3,2.56802403e1,-9.33686533e-1,3,6.967e-12,-1
657,0.513281,7.813e-4,0.4000,0.899227,2.75476541e-3,2.56734182e1,-9.33720490e-1,3,7.923e-12,-1
658,0.514062,7.813e-4,0.4000,0.899307,2.75712922e-3,2.56666193e1,-9.33754358e-1,3,8.015e-12,-1
659,0.514844,7.813e-4,0.4000,0.899386,2.75949119e-3,2.56598437e1,-9.33788137e-1,3,7.264e-12,-1
660,0.515625,7.813e-4,0.4000,0.899465,2.76185133e-3,2.56530911e1,-9.33821827e-1,3,7.457e-12,-1
661,0.516406,7.813e-4,0.4000,0.899545,2.76420964e-3,2.56463615e1,-9.33855429e-1,3,6.864e-12,-1
662,0.517187,7.813e-4,0.4000,0.899628,2.76656612e-3,2.56396549e1,-9.33888943e-1,3,7.732e-12,-1
663,0.517969,7.813e-4,0.4000,0.899710,2.76892078e-3,2.56329711e1,-9.33922369e-1,3,6.846e-12,-1
664,0.518750,7.813e-4,0.4000,0.899792,2.77127361e-3,2.56263100e1,-9.33955708e-1,3,7.862e-12,-1
665,0.519531,7.813e-4,0.4000,0.899874,2.77362464e-3,2.56196716e1,-9.33988960e-1,3,7.084e-12,-1
666,0.520312,7.813e-4,0.4000,0.899955,2.77597385e-3,2.56130557e1,-9.34022125e-1,3,7.232e-12,-1
667,0.521094,7.813e-4,0.4000,0.900036,2.77832126e-3,2.56064624e1,-9.34055204e-1,3,7.843e-12,-1
668,0.521875,7.813e-4,0.4000,0.900117,2.78066687e-3,2.55998914e1,-9.34088197e-1,3,6.972e-12,-1
669,0.522656,7.813e-4,0.4000,0.900197,2.78301068e-3,2.55933427e1,-9.34121104e-1,3,7.311e-12,-1
670,0.523437,7.813e-4,0.4000,0.900278,2.78535269e-3,2.55868163e1,-9.34153926e-1,3,7.340e-12,-1
671,0.524219,7.813e-4,0.4000,0.900357,2.78769292e-3,2.55803120e1,-9.34186663e-1,3,6.754e-12,-1
672,0.525000,7.813e-4,0.4000,0.900437,2.79003136e-3,2.55738297e1,-9.34219315e-1,3,7.098e-12,-1
673,0.525781,7.813e-4,0.4000,0.900516,2.79236802e-3,2.55673694e1,-9.34251883e-1,3,6.828e-12,-1
674,0.526562,7.813e-4,0.4000,0.900594,2.79470290e-3,2.55609310e1,-9.34284367e-1,3,7.542e-12,-1
675,0.527344,7.813e-4,0.4000,0.900673,2.79703601e-3,2.55545144e1,-9.34316767e-1,3,7.145e-12,-1
676,0.528125,7.813e-4,0.4000,0.900751,2.79936735e-3,2.55481196e1,-9.34349084e-1,3,7.283e-12,-1
677,0.528906,7.813e-4,0.4000,0.900829,2.80169692e-3,2.55417463e1,-9.34381317e-1,3,7.262e-12,-1
678,0.529687,7.813e-4,0.4000,0.900906,2.80402474e-3,2.55353946e1,-9.34413468e-1,3,7.795e-12,-1
679,0.530469,7.813e-4,0.4000,0.900983,2.80635079e-3,2.55290644e1,-9.34445537e-1,3,7.593e-12,-1
680,0.531250,7.813e-4,0.4000,0.901060,2.80867510e-3,2.55227556e1,-9.34477523e-1,3,7.817e-12,-1
681,0.532031,7.813e-4,0.4000,0.901136,2.81099765e-3,2.55164681e1,-9.34509428e-1,3,7.686e-12,-1
682,0.532812,7.813e-4,0.4000,0.901212,2.81331846e-3,2.55102018e1,-9.34541251e-1,3,7.609e-12,-1
683,0.533594,7.813e-4,0.4000,0.901288,2.81563753e-3,2.55039567e1,-9.34572993e-1,3,8.574e-12,-1
684,0.534375,7.813e-4,0.4000,0.901363,2.81795486e-3,2.54977326e1,-9.34604654e-1,3,7.182e-12,-1
685,0.535156,7.813e-4,0.4000,0.901439,2.82027046e-3,2.54915296e1,-9.34636234e-1,3,7.226e-12,-1
686,0.535937,7.813e-4,0.4000,0.901513,2.82258433e-3,2.54853474e1,-9.34667734e-1,3,8.477e-12,-1
687,0.536719,7.813e-4,0.4000,0.901588,2.82489647e-3,2.54791861e1,-9.34699154e-1,3,7.244e-12,-1
688,0.537500,7.813e-4,0.4000,0.901662,2.82720690e-3,2.54730456e1,-9.34730495e-1,3,7.668e-12,-1
689,0.538281,7.813e-4,0.4000,0.901736,2.82951560e-3,2.54669257e1,-9.34761756e-1,3,8.098e-12,-1
690,0.539062,7.813e-4,0.4000,0.901811,2.83182259e-3,2.54608264e1,-9.34792938e-1,3,7.304e-12,-1
691,0.539844,7.813e-4,0.4000,0.901888,2.83412787e-3,2.54547477e1,-9.34824041e-1,3,8.091e-12,-1
692,0.540625,7.813e-4,0.4000,0.901965,2.83643144e-3,2.54486894e1,-9.34855066e-1,3,7.326e-12,-1
693,0.541406,7.813e-4,0.4000,0.902041,2.83873332e-3,2.54426515e1,-9.34886012e-1,3,7.440e-12,-1
694,0.542187,7.813e-4,0.4000,0.902118,2.84103349e-3,2.54366339e1,-9.34916881e-1,3,7.649e-12,-1
695,0.542969,7.813e-4,0.4000,0.902194,2.84333197e-3,2.54306365e1,-9.34947671e-1,3,7.343e-12,-1
696,0.543750,7.813e-4,0.4000,0.902269,2.84562875e-3,2.54246592e1,-9.34978385e-1,3,7.146e-12,-1
697,0.544531,7.813e-4,0.4000,0.902344,2.84792385e-3,2.54187020e1,-9.35009022e-1,3,6.845e-12,-1
698,0.545312,7.813e-4,0.4000,0.902420,2.85021726e-3,2.54127649e1,-9.35039581e-1,3,7.054e-12,-1
699,0.546094,7.813e-4,0.4000,0.902494,2.85250900e-3,2.54068476e1,-9.35070065e-1,3,6.660e-12,-1
700,0.546875,7.813e-4,0.4000,0.902569,2.85479906e-3,2.54009502e1,-9.35100472e-1,3,7.305e-12,-1
701,0.547656,7.813e-4,0.4000,0.902643,2.85708744e-3,2.53950726e1,-9.35130803e-1,3,7.887e-12,-1
702,0.548437,7.813e-4,0.4000,0.902717,2.85937416e-3,2.53892147e1,-9.35161059e-1,3,7.233e-12,-1
703,0.549219,7.813e-4,0.4000,0.902790,2.86165921e-3,2.53833764e1,-9.35191239e-1,3,8.128e-12,-1
704,0.550000,7.813e-4,0.4000,0.902863,2.86394260e-3,2.53775577e1,-9.35221344e-1,3,7.758e-12,-1
705,0.550781,7.813e-4,0.4000,0.902936,2.86622434e-3,2.53717585e1,-9.35251374e-1,3,7.248e-12,-1
706,0.551562,7.813e-4,0.4000,0.903009,2.86850441e-3,2.53659786e1,-9.35281330e-1,3,9.081e-12,-1
707,0.552344,7.813e-4,0.4000,0.903081,2.87078284e-3,2.53602182e1,-9.35311211e-1,3,6.999e-12,-1
708,0.553125,7.813e-4,0.4000,0.903153,2.87305962e-3,2.53544770e1,-9.35341019e-1,3,6.817e-12,-1
709,0.553906,7.813e-4,0.4000,0.903225,2.87533476e-3,2.53487550e1,-9.35370752e-1,3,7.418e-12,-1
710,0.554687,7.813e-4,0.4000,0.903296,2.87760825e-3,2.53430522e1,-9.35400413e-1,3,7.603e-12,-1
711,0.555469,7.813e-4,0.4000,0.903368,2.87988011e-3,2.53373684e1,-9.35430000e-1,3,8.995e-12,-1
712,0.556250,7.813e-4,0.4000,0.903438,2.88215034e-3,2.53317036e1,-9.35459514e-1,3,7.383e-12,-1
713,0.557031,7.813e-4,0.4000,0.903509,2.88441894e-3,2.53260578e1,-9.35488955e-1,3,7.079e-12,-1
714,0.557812,7.813e-4,0.4000,0.903579,2.88668591e-3,2.53204308e1,-9.35518325e-1,3,7.441e-12,-1
715,0.558594,7.813e-4,0.4000,0.903649,2.88895126e-3,2.53148226e1,-9.35547621e-1,3,7.546e-12,-1
716,0.559375,7.813e-4,0.4000,0.903719,2.89121499e-3,2.53092332e1,-9.35576847e-1,3,7.859e-12,-1
717,0.560156,7.813e-4,0.4000,0.903789,2.89347711e-3,2.53036623e1,-9.35606000e-1,3,7.333e-12,-1
718,0.560937,7.813e-4,0.4000,0.903858,2.89573761e-3,2.52981101e1,-9.35635082e-1,3,7.485e-12,-1
719,0.561719,7.813e-4,0.4000,0.903927,2.89799651e-3,2.52925764e1,-9.35664093e-1,3,7.176e-12,-1
720,0.562500,7.813e-4,0.4000,0.904000,2.90025380e-3,2.52870612e1,-9.35693033e-1,3,7.383e-12,-1
721,0.563281,7.813e-4,0.4000,0.904072,2.90250949e-3,2.52815643e1,-9.35721903e-1,3,7.446e-12,-1
722,0.564062,7.813e-4,0.4000,0.904143,2.90476358e-3,2.52760858e1,-9.35750702e-1,3,8.257e-12,-1
723,0.564844,7.813e-4,0.4000,0.904214,2.90701607e-3,2.52706255e1,-9.35779431e-1,3,7.201e-12,-1
724,0.565625,7.813e-4,0.4000,0.904286,2.90926698e-3,2.52651835e1,-9.35808090e-1,3,7.290e-12,-1
725,0.566406,7.813e-4,0.4000,0.904356,2.91151630e-3,2.52597595e1,-9.35836680e-1,3,8.257e-12,-1
726,0.567187,7.813e-4,0.4000,0.904427,2.91376403e-3,2.52543536e1,-9.35865200e-1,3,7.354e-12,-1
727,0.567969,7.813e-4,0.4000,0.904497,2.91601018e-3,2.52489657e1,-9.35893651e-1,3,7.273e-12,-1
728,0.568750,7.813e-4,0.4000,0.904567,2.91825475e-3,2.52435958e1,-9.35922034e-1,3,6.988e-12,-1
729,0.569531,7.813e-4,0.4000,0.904637,2.92049775e-3,2.52382437e1,-9.35950348e-1,3,7.198e-12,-1
730,0.570312,7.813e-4,0.4000,0.904706,2.92273918e-3,2.52329094e1,-9.35978593e-1,3,8.711e-12,-1
731,0.571094,7.813e-4,0.4000,0.904775,2.92497904e-3,2.52275929e1,-9.36006770e-1,3,7.958e-12,-1
732,0.571875,7.813e-4,0.4000,0.904844,2.92721734e-3,2.52222940e1,-9.36034880e-1,3,7.723e-12,-1
733,0.572656,7.813e-4,0.4000,0.904913,2.92945408e-3,2.52170128e1,-9.36062921e-1,3,7.582e-12,-1
734,0.573437,7.813e-4,0.4000,0.904981,2.93168925e-3,2.52117491e1,-9.36090896e-1,3,8.507e-12,-1
735,0.574219,7.813e-4,0.4000,0.905049,2.93392288e-3,2.52065029e1,-9.36118803e-1,3,7.140e-12,-1
736,0.575000,7.813e-4,0.4000,0.905117,2.93615495e-3,2.52012741e1,-9.36146643e-1,3,7.518e-12,-1
737,0.575781,7.813e-4,0.4000,0.905185,2.93838547e-3,2.51960628e1,-9.36174416e-1,3,8.805e-12,-1
738,0.576562,7.813e-4,0.4000,0.905252,2.94061445e-3,2.51908687e1,-9.36202123e-1,3,8.031e-12,-1
739,0.577344,7.813e-4,0.4000,0.905319,2.94284189e-3,2.51856918e1,-9.36229764e-1,3,7.786e-12,-1
740,0.578125,7.813e-4,0.4000,0.905386,2.94506779e-3,2.51805322e1,-9.36257339e-1,3,7.489e-12,-1
741,0.578906,7.813e-4,0.4000,0.905452,2.94729215e-3,2.51753897e1,-9.36284848e-1,3,7.834e-12,-1
742,0.579687,7.813e-4,0.4000,0.905518,2.94951498e-3,2.51702642e1,-9.36312291e-1,3,7.823e-12,-1
743,0.580469,7.813e-4,0.4000,0.905584,2.95173629e-3,2.51651558e1,-9.36339669e-1,3,7.248e-12,-1
744,0.581250,7.813e-4,0.4000,0.905650,2.95395607e-3,2.51600643e1,-9.36366982e-1,3,7.106e-12,-1
745,0.582031,7.813e-4,0.4000,0.905716,2.95617432e-3,2.51549897e1,-9.36394231e-1,3,8.284e-12,-1
746,0.582812,7.813e-4,0.4000,0.905781,2.95839106e-3,2.51499319e1,-9.36421414e-1,3,7.162e-12,-1
747,0.583594,7.813e-4,0.4000,0.905846,2.96060628e-3,2.51448909e1,-9.36448533e-1,3,8.086e-12,-1
748,0.584375,7.813e-4,0.4000,0.905910,2.96281999e-3,2.51398666e1,-9.36475588e-1,3,8.107e-12,-1
749,0.585156,7.813e-4,0.4000,0.905978,2.96503218e-3,2.51348589e1,-9.36502579e-1,3,8.200e-12,-1
750,0.585937,7.813e-4,0.4000,0.906045,2.96724288e-3,2.51298679e1,-9.36529506e-1,3,7.350e-12,-1
751,0.586719,7.813e-4,0.4000,0.906112,2.96945206e-3,2.51248934e1,-9.36556370e-1,3,7.795e-12,-1
752,0.587500,7.813e-4,0.4000,0.906179,2.97165975e-3,2.51199353e1,-9.36583170e-1,3,7.622e-12,-1
753,0.588281,7.813e-4,0.4000,0.906246,2.97386594e-3,2.51149937e1,-9.36609908e-1,3,8.391e-12,-1
754,0.589062,7.813e-4,0.4000,0.906313,2.97607064e-3,2.51100685e1,-9.36636582e-1,3,8.008e-12,-1
755,0.589844,7.813e-4,0.4000,0.906379,2.97827384e-3,2.51051595e1,-9.36663194e-1,3,8.114e-12,-1
756,0.590625,7.813e-4,0.4000,0.906445,2.98047556e-3,2.51002669e1,-9.36689743e-1,3,7.504e-12,-1
757,0.591406,7.813e-4,0.4000,0.906510,2.98267579e-3,2.50953904e1,-9.36716230e-1,3,7.177e-12,-1
758,0.592187,7.813e-4,0.4000,0.906576,2.98487454e-3,2.50905300e1,-9.36742655e-1,3,7.958e-12,-1
759,0.592969,7.813e-4,0.4000,0.906641,2.98707181e-3,2.50856858e1,-9.36769018e-1,3,7.824e-12,-1
760,0.593750,7.813e-4,0.4000,0.906706,2.98926760e-3,2.50808576e1,-9.36795320e-1,3,9.585e-12,-1
761,0.594531,7.813e-4,0.4000,0.906771,2.99146192e-3,2.50760453e1,-9.36821560e-1,3,8.754e-12,-1
762,0.595312,7.813e-4,0.4000,0.906835,2.99365477e-3,2.50712490e1,-9.36847739e-1,3,7.880e-12,-1
763,0.596094,7.813e-4,0.4000,0.906899,2.99584616e-3,2.50664685e1,-9.36873857e-1,3,7.503e-12,-1
764,0.596875,7.813e-4,0.4000,0.906963,2.99803607e-3,2.50617039e1,-9.36899914e-1,3,8.203e-12,-1
765,0.597656,7.813e-4,0.4000,0.907027,3.00022453e-3,2.50569550e1,-9.36925911e-1,3,7.752e-12,-1
766,0.598437,7.813e-4,0.4000,0.907091,3.00241153e-3,2.50522218e1,-9.36951847e-1,3,8.408e-12,-1
767,0.599219,7.813e-4,0.4000,0.907154,3.00459708e-3,2.50475043e1,-9.36977723e-1,3,7.585e-12,-1
768,0.600000,7.813e-4,0.4000,0.907217,3.00678117e-3,2.50428023e1,-9.37003540e-1,3,8.191e-12,-1
769,0.600781,7.813e-4,0.4000,0.907280,3.00896381e-3,2.50381159e1,-9.37029296e-1,3,7.930e-12,-1
770,0.601562,7.813e-4,0.4000,0.907342,3.01114501e-3,2.50334450e1,-9.37054993e-1,3,8.676e-12,-1
771,0.602344,7.813e-4,0.4000,0.907405,3.01332476e-3,2.50287896e1,-9.37080630e-1,3,9.223e-12,-1
772,0.603125,7.813e-4,0.4000,0.907467,3.01550308e-3,2.50241495e1,-9.37106209e-1,3,7.972e-12,-1
773,0.603906,7.813e-4,0.4000,0.907529,3.01767995e-3,2.50195248e1,-9.37131728e-1,3,8.317e-12,-1
774,0.604687,7.813e-4,0.4000,0.907590,3.01985539e-3,2.50149153e1,-9.37157189e-1,3,1.004e-11,-1
775,0.605469,7.813e-4,0.4000,0.907652,3.02202940e-3,2.50103211e1,-9.37182591e-1,3,7.788e-12,-1
776,0.606250,7.813e-4,0.4000,0.907713,3.02420198e-3,2.50057420e1,-9.37207935e-1,3,7.533e-12,-1
777,0.607031,7.813e-4,0.4000,0.907774,3.02637313e-3,2.50011781e1,-9.37233220e-1,3,8.814e-12,-1
778,0.607812,7.813e-4,0.4000,0.907835,3.02854286e-3,2.49966292e1,-9.37258448e-1,3,7.802e-12,-1
779,0.608594,7.813e-4,0.4000,0.907899,3.03071117e-3,2.49920954e1,-9.37283618e-1,3,7.754e-12,-1
780,0.609375,7.813e-4,0.4000,0.907962,3.03287806e-3,2.49875766e1,-9.37308730e-1,3,9.194e-12,-1
781,0.610156,7.813e-4,0.4000,0.908025,3.03504354e-3,2.49830726e1,-9.37333785e-1,3,7.685e-12,-1
782,0.610937,7.813e-4,0.4000,0.908088,3.03720760e-3,2.49785836e1,-9.37358782e-1,3,8.331e-12,-1
783,0.611719,7.813e-4,0.4000,0.908150,3.03937026e-3,2.49741094e1,-9.37383723e-1,3,8.161e-12,-1
784,0.612500,7.813e-4,0.4000,0.908212,3.04153150e-3,2.49696499e1,-9.37408607e-1,3,8.122e-12,-1
785,0.613281,7.813e-4,0.4000,0.908275,3.04369135e-3,2.49652052e1,-9.37433434e-1,3,8.139e-12,-1
786,0.614062,7.813e-4,0.4000,0.908336,3.04584979e-3,2.49607751e1,-9.37458204e-1,3,8.754e-12,-1
787,0.614844,7.813e-4,0.4000,0.908398,3.04800684e-3,2.49563597e1,-9.37482919e-1,3,8.523e-12,-1
788,0.615625,7.813e-4,0.4000,0.908459,3.05016249e-3,2.49519589e1,-9.37507577e-1,3,8.711e-12,-1
789,0.616406,7.813e-4,0.4000,0.908521,3.05231674e-3,2.49475726e1,-9.37532179e-1,3,7.688e-12,-1
790,0.617187,7.813e-4,0.4000,0.908582,3.05446961e-3,2.49432007e1,-9.37556726e-1,3,9.265e-12,-1
791,0.617969,7.813e-4,0.4000,0.908642,3.05662109e-3,2.49388433e1,-9.37581217e-1,3,7.486e-12,-1
792,0.618750,7.813e-4,0.4000,0.908703,3.05877118e-3,2.49345003e1,-9.37605652e-1,3,7.908e-12,-1
793,0.619531,7.813e-4,0.4000,0.908763,3.06091990e-3,2.49301716e1,-9.37630033e-1,3,8.914e-12,-1
794,0.620312,7.813e-4,0.4000,0.908823,3.06306723e-3,2.49258572e1,-9.37654358e-1,3,8.548e-12,-1
795,0.621094,7.813e-4,0.4000,0.908883,3.06521319e-3,2.49215571e1,-9.37678629e-1,3,9.386e-12,-1
796,0.621875,7.813e-4,0.4000,0.908943,3.06735777e-3,2.49172712e1,-9.37702845e-1,3,9.862e-12,-1
797,0.622656,7.813e-4,0.4000,0.909002,3.06950098e-3,2.49129994e1,-9.37727007e-1,3,8.860e-12,-1
798,0.623437,7.813e-4,0.4000,0.909061,3.07164283e-3,2.49087417e1,-9.37751114e-1,3,8.022e-12,-1
799,0.624219,7.813e-4,0.4000,0.909120,3.07378331e-3,2.49044980e1,-9.37775167e-1,3,8.978e-12,-1
800,0.625000,7.813e-4,0.4000,0.909179,3.07592242e-3,2.49002684e1,-9.37799166e-1,3,8.740e-12,-1
801,0.625781,7.813e-4,0.4000,0.909238,3.07806018e-3,2.48960527e1,-9.37823112e-1,3,8.701e-12,-1
802,0.626562,7.813e-4,0.4000,0.909296,3.08019657e-3,2.48918509e1,-9.37847004e-1,3,9.361e-12,-1
803,0.627344,7.813e-4,0.4000,0.909354,3.08233161e-3,2.48876631e1,-9.37870842e-1,3,8.150e-12,-1
804,0.628125,7.813e-4,0.4000,0.909412,3.08446530e-3,2.48834890e1,-9.37894627e-1,3,8.953e-12,-1
805,0.628906,7.813e-4,0.4000,0.909470,3.08659764e-3,2.48793287e1,-9.37918360e-1,3,7.869e-12,-1
806,0.629687,7.813e-4,0.4000,0.909527,3.08872863e-3,2.48751822e1,-9.37942039e-1,3,8.303e-12,-1
807,0.630469,7.813e-4,0.4000,0.909585,3.09085828e-3,2.48710493e1,-9.37965665e-1,3,8.733e-12,-1
808,0.631250,7.813e-4,0.4000,0.909643,3.09298659e-3,2.48669301e1,-9.37989239e-1,3,8.441e-12,-1
809,0.632031,7.813e-4,0.4000,0.909702,3.09511355e-3,2.48628245e1,-9.38012761e-1,3,9.251e-12,-1
810,0.632812,7.813e-4,0.4000,0.909762,3.09723918e-3,2.48587324e1,-9.38036230e-1,3,8.452e-12,-1
811,0.633594,7.813e-4,0.4000,0.909821,3.09936347e-3,2.48546539e1,-9.38059647e-1,3,8.534e-12,-1
812,0.634375,7.813e-4,0.4000,0.909880,3.10148643e-3,2.48505888e1,-9.38083013e-1,3,8.614e-12,-1
813,0.635156,7.813e-4,0.4000,0.909939,3.10360807e-3,2.48465372e1,-9.38106326e-1,3,8.377e-12,-1
814,0.635937,7.813e-4,0.4000,0.909997,3.10572837e-3,2.48424989e1,-9.38129588e-1,3,9.177e-12,-1
815,0.636719,7.813e-4,0.4000,0.910056,3.10784735e-3,2.48384740e1,-9.38152799e-1,3,7.955e-12,-1
816,0.637500,7.813e-4,0.4000,0.910114,3.10996501e-3,2.48344623e1,-9.38175959e-1,3,7.887e-12,-1
817,0.638281,7.813e-4,0.4000,0.910172,3.11208135e-3,2.48304639e1,-9.38199067e-1,3,8.744e-12,-1
818,0.639062,7.813e-4,0.4000,0.910230,3.11419637e-3,2.48264787e1,-9.38222124e-1,3,9.653e-12,-1
819,0.639844,7.813e-4,0.4000,0.910287,3.11631008e-3,2.48225067e1,-9.38245131e-1,3,8.065e-12,-1
820,0.640625,7.813e-4,0.4000,0.910345,3.11842248e-3,2.48185478e1,-9.38268087e-1,3,1.084e-11,-1
821,0.641406,7.813e-4,0.4000,0.910402,3.12053357e-3,2.48146020e1,-9.38290993e-1,3,8.932e-12,-1
822,0.642187,7.813e-4,0.4000,0.910459,3.12264335e-3,2.48106692e1,-9.38313848e-1,3,9.369e-12,-1
823,0.642969,7.813e-4,0.4000,0.910515,3.12475183e-3,2.48067494e1,-9.38336653e-1,3,8.875e-12,-1
824,0.643750,7.813e-4,0.4000,0.910572,3.12685900e-3,2.48028426e1,-9.38359409e-1,3,7.456e-12,-1
825,0.644531,7.813e-4,0.4000,0.910628,3.12896488e-3,2.47989487e1,-9.38382114e-1,3,8.374e-12,-1
826,0.645312,7.813e-4,0.4000,0.910685,3.13106945e-3,2.47950676e1,-9.38404770e-1,3,9.052e-12,-1
827,0.646094,7.813e-4,0.4000,0.910740,3.13317274e-3,2.47911994e1,-9.38427377e-1,3,1.007e-11,-1
828,0.646875,7.813e-4,0.4000,0.910796,3.13527473e-3,2.47873440e1,-9.38449934e-1,3,8.416e-12,-1
829,0.647656,7.813e-4,0.4000,0.910852,3.13737543e-3,2.47835013e1,-9.38472441e-1,3,8.166e-12,-1
830,0.648437,7.813e-4,0.4000,0.910907,3.13947485e-3,2.47796713e1,-9.38494900e-1,3,1.013e-11,-1
831,0.649219,7.813e-4,0.4000,0.910962,3.14157298e-3,2.47758540e1,-9.38517310e-1,3,9.234e-12,-1
832,0.650000,7.813e-4,0.4000,0.911017,3.14366982e-3,2.47720493e1,-9.38539672e-1,3,1.064e-11,-1
833,0.650781,7.813e-4,0.4000,0.911072,3.14576539e-3,2.47682572e1,-9.38561984e-1,3,1.079e-11,-1
834,0.651562,7.813e-4,0.4000,0.911127,3.14785968e-3,2.47644777e1,-9.38584249e-1,3,8.033e-12,-1
835,0.652344,7.813e-4,0.4000,0.911181,3.14995270e-3,2.47607106e1,-9.38606465e-1,3,9.258e-12,-1
836,0.653125,7.813e-4,0.4000,0.911235,3.15204444e-3,2.47569560e1,-9.38628632e-1,3,8.637e-12,-1
837,0.653906,7.813e-4,0.4000,0.911289,3.15413491e-3,2.47532139e1,-9.38650752e-1,3,1.028e-11,-1
838,0.654687,7.813e-4,0.4000,0.911344,3.15622411e-3,2.47494841e1,-9.38672824e-1,3,9.642e-12,-1
839,0.655469,7.813e-4,0.4000,0.911400,3.15831205e-3,2.47457667e1,-9.38694849e-1,3,1.008e-11,-1
840,0.656250,7.813e-4,0.4000,0.911456,3.16039872e-3,2.47420616e1,-9.38716826e-1,3,8.544e-12,-1
841,0.657031,7.813e-4,0.4000,0.911512,3.16248413e-3,2.47383687e1,-9.38738755e-1,3,7.866e-12,-1
842,0.657812,7.813e-4,0.4000,0.911567,3.16456829e-3,2.47346881e1,-9.38760638e-1,3,1.116e-11,-1
843,0.658594,7.813e-4,0.4000,0.911623,3.16665119e-3,2.47310196e1,-9.38782473e-1,3,9.038e-12,-1
844,0.659375,7.813e-4,0.4000,0.911678,3.16873283e-3,2.47273634e1,-9.38804261e-1,3,8.555e-12,-1
845,0.660156,7.813e-4,0.4000,0.911733,3.17081322e-3,2.47237192e1,-9.38826003e-1,3,8.487e-12,-1
846,0.660937,7.813e-4,0.4000,0.911788,3.17289236e-3,2.47200871e1,-9.38847698e-1,3,8.903e-12,-1
847,0.661719,7.813e-4,0.4000,0.911842,3.17497025e-3,2.47164671e1,-9.38869346e-1,3,9.010e-12,-1
848,0.662500,7.813e-4,0.4000,0.911897,3.17704690e-3,2.47128590e1,-9.38890948e-1,3,9.255e-12,-1
849,0.663281,7.813e-4,0.4000,0.911951,3.17912231e-3,2.47092629e1,-9.38912504e-1,3,8.583e-12,-1
850,0.664062,7.813e-4,0.4000,0.912005,3.18119648e-3,2.47056787e1,-9.38934013e-1,3,8.406e-12,-1
851,0.664844,7.813e-4,0.4000,0.912059,3.18326941e-3,2.47021065e1,-9.38955477e-1,3,8.819e-12,-1
852,0.665625,7.813e-4,0.4000,0.912113,3.18534110e-3,2.46985460e1,-9.38976895e-1,3,9.293e-12,-1
853,0.666406,7.813e-4,0.4000,0.912166,3.18741156e-3,2.46949974e1,-9.38998267e-1,3,9.891e-12,-1
854,0.667187,7.813e-4,0.4000,0.912220,3.18948078e-3,2.46914606e1,-9.39019594e-1,3,8.939e-12,-1
855,0.667969,7.813e-4,0.4000,0.912273,3.19154878e-3,2.46879355e1,-9.39040875e-1,3,9.962e-12,-1
856,0.668750,7.813e-4,0.4000,0.912326,3.19361555e-3,2.46844221e1,-9.39062111e-1,3,7.878e-12,-1
857,0.669531,7.813e-4,0.4000,0.912379,3.19568110e-3,2.46809203e1,-9.39083302e-1,3,8.786e-12,-1
858,0.670312,7.813e-4,0.4000,0.912431,3.19774542e-3,2.46774302e1,-9.39104448e-1,3,1.186e-11,-1
859,0.671094,7.813e-4,0.4000,0.912484,3.19980853e-3,2.46739517e1,-9.39125549e-1,3,1.120e-11,-1
860,0.671875,7.813e-4,0.4000,0.912536,3.20187041e-3,2.46704848e1,-9.39146606e-1,3,9.820e-12,-1
861,0.672656,7.813e-4,0.4000,0.912588,3.20393108e-3,2.46670293e1,-9.39167617e-1,3,8.868e-12,-1
862,0.673437,7.813e-4,0.4000,0.912640,3.20599054e-3,2.46635854e1,-9.39188585e-1,3,8.377e-12,-1
863,0.674219,7.813e-4,0.4000,0.912692,3.20804879e-3,2.46601529e1,-9.39209508e-1,3,8.623e-12,-1
864,0.675000,7.813e-4,0.4000,0.912743,3.21010582e-3,2.46567318e1,-9.39230387e-1,3,8.470e-12,-1
865,0.675781,7.813e-4,0.4000,0.912795,3.21216165e-3,2.46533221e1,-9.39251222e-1,3,8.864e-12,-1
866,0.676562,7.813e-4,0.4000,0.912846,3.21421627e-3,2.46499237e1,-9.39272013e-1,3,1.114e-11,-1
867,0.677344,7.813e-4,0.4000,0.912897,3.21626970e-3,2.46465367e1,-9.39292760e-1,3,9.138e-12,-1
868,0.678125,7.813e-4,0.4000,0.912948,3.21832192e-3,2.46431609e1,-9.39313464e-1,3,8.704e-12,-1
869,0.678906,7.813e-4,0.4000,0.913001,3.22037294e-3,2.46397964e1,-9.39334124e-1,3,9.418e-12,-1
870,0.679687,7.813e-4,0.4000,0.913054,3.22242277e-3,2.46364430e1,-9.39354740e-1,3,8.381e-12,-1
871,0.680469,7.813e-4,0.4000,0.913106,3.22447140e-3,2.46331008e1,-9.39375314e-1,3,9.667e-12,-1
872,0.681250,7.813e-4,0.4000,0.913159,3.22651884e-3,2.46297698e1,-9.39395844e-1,3,8.235e-12,-1
873,0.682031,7.813e-4,0.4000,0.913211,3.22856509e-3,2.46264499e1,-9.39416332e-1,3,9.781e-12,-1
874,0.682812,7.813e-4,0.4000,0.913263,3.23061015e-3,2.46231410e1,-9.39436776e-1,3,8.617e-12,-1
875,0.683594,7.813e-4,0.4000,0.913315,3.23265403e-3,2.46198432e1,-9.39457178e-1,3,7.564e-12,-1
876,0.684375,7.813e-4,0.4000,0.913367,3.23469672e-3,2.46165563e1,-9.39477537e-1,3,1.114e-11,-1
877,0.685156,7.813e-4,0.4000,0.913418,3.23673824e-3,2.46132805e1,-9.39497853e-1,3,8.709e-12,-1
878,0.685937,7.813e-4,0.4000,0.913470,3.23877857e-3,2.46100155e1,-9.39518128e-1,3,9.162e-12,-1
879,0.686719,7.813e-4,0.4000,0.913521,3.24081772e-3,2.46067615e1,-9.39538360e-1,3,8.221e-12,-1
880,0.687500,7.813e-4,0.4000,0.913572,3.24285571e-3,2.46035183e1,-9.39558550e-1,3,9.845e-12,-1
881,0.688281,7.813e-4,0.4000,0.913623,3.24489251e-3,2.46002860e1,-9.39578698e-1,3,9.010e-12,-1
882,0.689062,7.813e-4,0.4000,0.913674,3.24692815e-3,2.45970644e1,-9.39598804e-1,3,9.940e-12,-1
883,0.689844,7.813e-4,0.4000,0.913725,3.24896262e-3,2.45938536e1,-9.39618868e-1,3,8.519e-12,-1
884,0.690625,7.813e-4,0.4000,0.913775,3.25099592e-3,2.45906536e1,-9.39638891e-1,3,1.022e-11,-1
885,0.691406,7.813e-4,0.4000,0.913825,3.25302806e-3,2.45874642e1,-9.39658872e-1,3,9.495e-12,-1
886,0.692187,7.813e-4,0.4000,0.913875,3.25505903e-3,2.45842856e1,-9.39678812e-1,3,8.999e-12,-1
887,0.692969,7.813e-4,0.4000,0.913925,3.25708885e-3,2.45811175e1,-9.39698710e-1,3,9.322e-12,-1
888,0.693750,7.813e-4,0.4000,0.913975,3.25911750e-3,2.45779601e1,-9.39718568e-1,3,9.083e-12,-1
889,0.694531,7.813e-4,0.4000,0.914025,3.26114500e-3,2.45748132e1,-9.39738384e-1,3,8.853e-12,-1
890,0.695312,7.813e-4,0.4000,0.914074,3.26317134e-3,2.45716768e1,-9.39758160e-1,3,1.049e-11,-1
891,0.696094,7.813e-4,0.4000,0.914124,3.26519653e-3,2.45685510e1,-9.39777895e-1,3,9.308e-12,-1
892,0.696875,7.813e-4,0.4000,0.914173,3.26722057e-3,2.45654357e1,-9.39797589e-1,3,9.699e-12,-1
893,0.697656,7.813e-4,0.4000,0.914222,3.26924347e-3,2.45623307e1,-9.39817243e-1,3,8.830e-12,-1
894,0.698437,7.813e-4,0.4000,0.914270,3.27126521e-3,2.45592362e1,-9.39836856e-1,3,1.122e-11,-1
895,0.699219,7.813e-4,0.4000,0.914319,3.27328581e-3,2.45561521e1,-9.39856429e-1,3,9.454e-12,-1
896,0.700000,7.813e-4,0.4000,0.914367,3.27530527e-3,2.45530783e1,-9.39875961e-1,3,8.789e-12,-1
897,0.700781,7.813e-4,0.4000,0.914416,3.27732359e-3,2.45500149e1,-9.39895454e-1,3,9.962e-12,-1
898,0.701562,7.813e-4,0.4000,0.914464,3.27934077e-3,2.45469617e1,-9.39914907e-1,3,8.253e-12,-1
899,0.702344,7.813e-4,0.4000,0.914512,3.28135682e-3,2.45439188e1,-9.39934320e-1,3,1.074e-11,-1
900,0.703125,7.813e-4,0.4000,0.914562,3.28337173e-3,2.45408861e1,-9.39953693e-1,3,1.077e-11,-1
901,0.703906,7.813e-4,0.4000,0.914612,3.28538550e-3,2.45378636e1,-9.39973026e-1,3,1.034e-11,-1
902,0.704687,7.813e-4,0.4000,0.914662,3.28739815e-3,2.45348513e1,-9.39992320e-1,3,8.760e-12,-1
903,0.705469,7.813e-4,0.4000,0.914711,3.28940967e-3,2.45318491e1,-9.40011575e-1,3,8.605e-12,-1
904,0.706250,7.813e-4,0.4000,0.914761,3.29142006e-3,2.45288570e1,-9.40030790e-1,3,1.024e-11,-1
905,0.707031,7.813e-4,0.4000,0.914810,3.29342932e-3,2.45258750e1,-9.40049967e-1,3,1.134e-11,-1
906,0.707812,7.813e-4,0.4000,0.914859,3.29543747e-3,2.45229030e1,-9.40069104e-1,3,9.919e-12,-1
907,0.708594,7.813e-4,0.4000,0.914908,3.29744449e-3,2.45199410e1,-9.40088202e-1,3,1.070e-11,-1
908,0.709375,7.813e-4,0.4000,0.914957,3.29945039e-3,2.45169890e1,-9.40107262e-1,3,7.954e-12,-1
909,0.710156,7.813e-4,0.4000,0.915005,3.30145518e-3,2.45140470e1,-9.40126283e-1,3,1.016e-11,-1
910,0.710937,7.813e-4,0.4000,0.915053,3.30345885e-3,2.45111149e1,-9.40145265e-1,3,8.917e-12,-1
911,0.711719,7.813e-4,0.4000,0.915102,3.30546141e-3,2.45081926e1,-9.40164208e-1,3,9.457e-12,-1
912,0.712500,7.813e-4,0.4000,0.915150,3.30746285e-3,2.45052803e1,-9.40183114e-1,3,1.044e-11,-1
913,0.713281,7.813e-4,0.4000,0.915198,3.30946319e-3,2.45023778e1,-9.40201981e-1,3,9.358e-12,-1
914,0.714062,7.813e-4,0.4000,0.915245,3.31146242e-3,2.44994850e1,-9.40220810e-1,3,9.644e-12,-1
915,0.714844,7.813e-4,0.4000,0.915293,3.31346055e-3,2.44966021e1,-9.40239601e-1,3,1.015e-11,-1
916,0.715625,7.813e-4,0.4000,0.915341,3.31545757e-3,2.44937289e1,-9.40258354e-1,3,1.038e-11,-1
917,0.716406,7.813e-4,0.4000,0.915388,3.31745349e-3,2.44908654e1,-9.40277069e-1,3,9.265e-12,-1
918,0.717187,7.813e-4,0.4000,0.915435,3.31944830e-3,2.44880116e1,-9.40295746e-1,3,1.046e-11,-1
919,0.717969,7.813e-4,0.4000,0.915482,3.32144203e-3,2.44851675e1,-9.40314386e-1,3,1.021e-11,-1
920,0.718750,7.813e-4,0.4000,0.915529,3.32343465e-3,2.44823330e1,-9.40332988e-1,3,9.052e-12,-1
921,0.719531,7.813e-4,0.4000,0.915576,3.32542618e-3,2.44795081e1,-9.40351553e-1,3,8.415e-12,-1
922,0.720312,7.813e-4,0.4000,0.915622,3.32741662e-3,2.44766928e1,-9.40370081e-1,3,1.254e-11,-1
923,0.721094,7.813e-4,0.4000,0.915669,3.32940597e-3,2.44738870e1,-9.40388571e-1,3,1.010e-11,-1
924,0.721875,7.813e-4,0.4000,0.915715,3.33139423e-3,2.44710908e1,-9.40407025e-1,3,9.663e-12,-1
925,0.722656,7.813e-4,0.4000,0.915761,3.33338140e-3,2.44683040e1,-9.40425441e-1,3,8.992e-12,-1
926,0.723437,7.813e-4,0.4000,0.915807,3.33536748e-3,2.44655267e1,-9.40443820e-1,3,1.100e-11,-1
927,0.724219,7.813e-4,0.4000,0.915853,3.33735249e-3,2.44627588e1,-9.40462163e-1,3,8.193e-12,-1
928,0.725000,7.813e-4,0.4000,0.915898,3.33933641e-3,2.44600004e1,-9.40480469e-1,3,9.770e-12,-1
929,0.725781,7.813e-4,0.4000,0.915944,3.34131925e-3,2.44572513e1,-9.40498739e-1,3,8.990e-12,-1
930,0.726562,7.813e-4,0.4000,0.915990,3.34330102e-3,2.44545115e1,-9.40516972e-1,3,9.166e-12,-1
931,0.727344,7.813e-4,0.4000,0.916037,3.34528171e-3,2.44517811e1,-9.40535168e-1,3,1.267e-11,-1
932,0.728125,7.813e-4,0.4000,0.916084,3.34726132e-3,2.44490600e1,-9.40553329e-1,3,9.940e-12,-1
933,0.728906,7.813e-4,0.4000,0.916131,3.34923986e-3,2.44463482e1,-9.40571453e-1,3,1.055e-11,-1
934,0.729687,7.813e-4,0.4000,0.916178,3.35121733e-3,2.44436456e1,-9.40589541e-1,3,8.994e-12,-1
935,0.730469,7.813e-4,0.4000,0.916225,3.35319374e-3,2.44409522e1,-9.40607593e-1,3,9.649e-12,-1
936,0.731250,7.813e-4,0.4000,0.916271,3.35516907e-3,2.44382680e1,-9.40625610e-1,3,9.905e-12,-1
937,0.732031,7.813e-4,0.4000,0.916317,3.35714334e-3,2.44355930e1,-9.40643590e-1,3,9.031e-12,-1
938,0.732812,7.813e-4,0.4000,0.916364,3.35911655e-3,2.44329271e1,-9.40661535e-1,3,1.005e-11,-1
939,0.733594,7.813e-4,0.4000,0.916410,3.36108870e-3,2.44302703e1,-9.40679444e-1,3,1.199e-11,-1
940,0.734375,7.813e-4,0.4000,0.916455,3.36305978e-3,2.44276226e1,-9.40697318e-1,3,9.969e-12,-1
941,0.735156,7.813e-4,0.4000,0.916501,3.36502981e-3,2.44249840e1,-9.40715157e-1,3,1.020e-11,-1
942,0.735937,7.813e-4,0.4000,0.916547,3.36699878e-3,2.44223543e1,-9.40732960e-1,3,9.845e-12,-1
943,0.736719,7.813e-4,0.4000,0.916592,3.36896670e-3,2.44197337e1,-9.40750728e-1,3,1.122e-11,-1
944,0.737500,7.813e-4,0.4000,0.916638,3.37093356e-3,2.44171221e1,-9.40768461e-1,3,9.855e-12,-1
945,0.738281,7.813e-4,0.4000,0.916683,3.37289938e-3,2.44145194e1,-9.40786159e-1,3,9.489e-12,-1
946,0.739062,7.813e-4,0.4000,0.916728,3.37486414e-3,2.44119256e1,-9.40803822e-1,3,9.500e-12,-1
947,0.739844,7.813e-4,0.4000,0.916773,3.37682786e-3,2.44093408e1,-9.40821451e-1,3,9.056e-12,-1
948,0.740625,7.813e-4,0.4000,0.916818,3.37879053e-3,2.44067648e1,-9.40839045e-1,3,1.116e-11,-1
949,0.741406,7.813e-4,0.4000,0.916862,3.38075215e-3,2.44041976e1,-9.40856604e-1,3,1.050e-11,-1
950,0.742187,7.813e-4,0.4000,0.916907,3.38271274e-3,2.44016393e1,-9.40874128e-1,3,9.344e-12,-1
951,0.742969,7.813e-4,0.4000,0.916951,3.38467228e-3,2.43990898e1,-9.40891619e-1,3,1.068e-11,-1
952,0.743750,7.813e-4,0.4000,0.916995,3.38663078e-3,2.43965490e1,-9.40909075e-1,3,9.948e-12,-1
953,0.744531,7.813e-4,0.4000,0.917039,3.38858825e-3,2.43940170e1,-9.40926496e-1,3,1.076e-11,-1
954,0.745312,7.813e-4,0.4000,0.917083,3.39054468e-3,2.43914937e1,-9.40943884e-1,3,9.841e-12,-1
955,0.746094,7.813e-4,0.4000,0.917127,3.39250008e-3,2.43889791e1,-9.40961237e-1,3,9.668e-12,-1
956,0.746875,7.813e-4,0.4000,0.917171,3.39445444e-3,2.43864732e1,-9.40978557e-1,3,9.919e-12,-1
957,0.747656,7.813e-4,0.4000,0.917214,3.39640778e-3,2.43839759e1,-9.40995843e-1,3,1.046e-11,-1
958,0.748437,7.813e-4,0.4000,0.917258,3.39836008e-3,2.43814873e1,-9.41013095e-1,3,9.353e-12,-1
959,0.749219,7.813e-4,0.4000,0.917301,3.40031136e-3,2.43790072e1,-9.41030313e-1,3,8.797e-12,-1
960,0.750000,7.813e-4,0.4000,0.917344,3.40226161e-3,2.43765357e1,-9.41047498e-1,3,9.880e-12,3
961,0.750781,7.813e-4,0.4000,0.917387,3.40421084e-3,2.43740728e1,-9.41064650e-1,3,9.738e-12,-1
962,0.751562,7.813e-4,0.4000,0.917432,3.40615905e-3,2.43716184e1,-9.41081768e-1,3,1.190e-11,-1
963,0.752344,7.813e-4,0.4000,0.917476,3.40810624e-3,2.43691724e1,-9.41098852e-1,3,1.010e-11,-1
964,0.753125,7.813e-4,0.4000,0.917521,3.41005241e-3,2.43667350e1,-9.41115904e-1,3,1.058e-11,-1
965,0.753906,7.813e-4,0.4000,0.917565,3.41199756e-3,2.43643060e1,-9.41132922e-1,3,1.006e-11,-1
966,0.754687,7.813e-4,0.4000,0.917609,3.41394169e-3,2.43618854e1,-9.41149907e-1,3,1.066e-11,-1
967,0.755469,7.813e-4,0.4000,0.917653,3.41588481e-3,2.43594732e1,-9.41166860e-1,3,8.725e-12,-1
968,0.756250,7.813e-4,0.4000,0.917697,3.41782692e-3,2.43570694e1,-9.41183779e-1,3,1.235e-11,-1
969,0.757031,7.813e-4,0.4000,0.917741,3.41976802e-3,2.43546740e1,-9.41200666e-1,3,1.148e-11,-1
970,0.757812,7.813e-4,0.4000,0.917784,3.42170811e-3,2.43522869e1,-9.41217520e-1,3,9.631e-12,-1
971,0.758594,7.813e-4,0.4000,0.917828,3.42364720e-3,2.43499081e1,-9.41234342e-1,3,1.158e-11,-1
972,0.759375,7.813e-4,0.4000,0.917871,3.42558527e-3,2.43475375e1,-9.41251131e-1,3,1.087e-11,-1
973,0.760156,7.813e-4,0.4000,0.917914,3.42752235e-3,2.43451753e1,-9.41267888e-1,3,9.901e-12,-1
974,0.760937,7.813e-4,0.4000,0.917957,3.42945842e-3,2.43428212e1,-9.41284612e-1,3,1.037e-11,-1
975,0.761719,7.813e-4,0.4000,0.918000,3.43139349e-3,2.43404754e1,-9.41301304e-1,3,9.519e-12,-1
976,0.762500,7.813e-4,0.4000,0.918043,3.43332756e-3,2.43381378e1,-9.41317964e-1,3,1.127e-11,-1
977,0.763281,7.813e-4,0.4000,0.918086,3.43526063e-3,2.43358083e1,-9.41334592e-1,3,9.706e-12,-1
978,0.764062,7.813e-4,0.4000,0.918128,3.43719271e-3,2.43334870e1,-9.41351188e-1,3,9.408e-12,-1
979,0.764844,7.813e-4,0.4000,0.918171,3.43912379e-3,2.43311738e1,-9.41367752e-1,3,9.686e-12,-1
980,0.765625,7.813e-4,0.4000,0.918213,3.44105388e-3,2.43288687e1,-9.41384284e-1,3,9.628e-12,-1
981,0.766406,7.813e-4,0.4000,0.918255,3.44298298e-3,2.43265716e1,-9.41400785e-1,3,1.125e-11,-1
982,0.767187,7.813e-4,0.4000,0.918297,3.44491109e-3,2.43242826e1,-9.41417254e-1,3,1.035e-11,-1
983,0.767969,7.813e-4,0.4000,0.918339,3.44683821e-3,2.43220017e1,-9.41433691e-1,3,9.969e-12,-1
984,0.768750,7.813e-4,0.4000,0.918381,3.44876435e-3,2.43197287e1,-9.41450097e-1,3,1.085e-11,-1
985,0.769531,7.813e-4,0.4000,0.918423,3.45068950e-3,2.43174637e1,-9.41466472e-1,3,1.085e-11,-1
986,0.770312,7.813e-4,0.4000,0.918464,3.45261367e-3,2.43152067e1,-9.41482815e-1,3,1.075e-11,-1
987,0.771094,7.813e-4,0.4000,0.918506,3.45453685e-3,2.43129576e1,-9.41499127e-1,3,9.958e-12,-1
988,0.771875,7.813e-4,0.4000,0.918547,3.45645906e-3,2.43107165e1,-9.41515408e-1,3,1.052e-11,-1
989,0.772656,7.813e-4,0.4000,0.918588,3.45838028e-3,2.43084832e1,-9.41531658e-1,3,1.207e-11,-1
990,0.773437,7.813e-4,0.4000,0.918629,3.46030053e-3,2.43062578e1,-9.41547876e-1,3,9.923e-12,-1
991,0.774219,7.813e-4,0.4000,0.918670,3.46221981e-3,2.43040403e1,-9.41564064e-1,3,1.010e-11,-1
992,0.775000,7.813e-4,0.4000,0.918711,3.46413811e-3,2.43018305e1,-9.41580221e-1,3,1.036e-11,-1
993,0.775781,7.813e-4,0.4000,0.918752,3.46605544e-3,2.42996286e1,-9.41596348e-1,3,1.071e-11,-1
994,0.776562,7.813e-4,0.4000,0.918794,3.46797179e-3,2.42974345e1,-9.41612444e-1,3,1.111e-11,-1
995,0.777344,7.813e-4,0.4000,0.918836,3.46988718e-3,2.42952481e1,-9.41628509e-1,3,1.104e-11,-1
996,0.778125,7.813e-4,0.4000,0.918878,3.47180160e-3,2.42930695e1,-9.41644544e-1,3,9.317e-12,-1
997,0.778906,7.813e-4,0.4000,0.918920,3.47371505e-3,2.42908985e1,-9.41660548e-1,3,9.823e-12,-1
998,0.779687,7.813e-4,0.4000,0.918962,3.47562754e-3,2.42887353e1,-9.41676522e-1,3,1.009e-11,-1
999,0.780469,7.813e-4,0.4000,0.919004,3.47753907e-3,2.42865798e1,-9.41692466e-1,3,1.180e-11,-1
1000,0.781250,7.813e-4,0.4000,0.919045,3.47944963e-3,2.42844319e1,-9.41708379e-1,3,1.022e-11,-1
1001,0.782031,7.813e-4,0.4000,0.919086,3.48135924e-3,2.42822916e1,-9.41724263e-1,3,1.011e-11,-1
1002,0.782812,7.813e-4,0.4000,0.919128,3.48326788e-3,2.42801589e1,-9.41740116e-1,3,9.194e-12,-1
1003,0.783594,7.813e-4,0.4000,0.919169,3.48517557e-3,2.42780339e1,-9.41755940e-1,3,9.609e-12,-1
1004,0.784375,7.813e-4,0.4000,0.919210,3.48708230e-3,2.42759164e1,-9.41771734e-1,3,9.976e-12,-1
1005,0.785156,7.813e-4,0.4000,0.919251,3.48898808e-3,2.42738064e1,-9.41787498e-1,3,9.323e-12,-1
1006,0.785937,7.813e-4,0.4000,0.919291,3.49089290e-3,2.42717040e1,-9.41803232e-1,3,9.887e-12,-1
1007,0.786719,7.813e-4,0.4000,0.919332,3.49279678e-3,2.42696091e1,-9.41818936e-1,3,1.069e-11,-1
1008,0.787500,7.813e-4,0.4000,0.919373,3.49469970e-3,2.42675216e1,-9.41834612e-1,3,8.765e-12,-1
1009,0.788281,7.813e-4,0.4000,0.919413,3.49660168e-3,2.42654417e1,-9.41850257e-1,3,1.081e-11,-1
1010,0.789062,7.813e-4,0.4000,0.919453,3.49850271e-3,2.42633691e1,-9.41865873e-1,3,1.069e-11,-1
1011,0.789844,7.813e-4,0.4000,0.919493,3.50040279e-3,2.42613040e1,-9.41881460e-1,3,1.158e-11,-1
1012,0.790625,7.813e-4,0.4000,0.919533,3.50230193e-3,2.42592463e1,-9.41897018e-1,3,1.171e-11,-1
1013,0.791406,7.813e-4,0.4000,0.919573,3.50420013e-3,2.42571960e1,-9.41912547e-1,3,1.062e-11,-1
1014,0.792187,7.813e-4,0.4000,0.919613,3.50609739e-3,2.42551530e1,-9.41928046e-1,3,9.528e-12,-1
1015,0.792969,7.813e-4,0.4000,0.919653,3.50799371e-3,2.42531174e1,-9.41943516e-1,3,9.749e-12,-1
1016,0.793750,7.813e-4,0.4000,0.919692,3.50988909e-3,2.42510891e1,-9.41958958e-1,3,9.468e-12,-1
1017,0.794531,7.813e-4,0.4000,0.919732,3.51178353e-3,2.42490681e1,-9.41974371e-1,3,1.074e-11,-1
1018,0.795312,7.813e-4,0.4000,0.919771,3.51367704e-3,2.42470543e1,-9.41989754e-1,3,1.150e-11,-1
1019,0.796094,7.813e-4,0.4000,0.919810,3.51556961e-3,2.42450479e1,-9.42005110e-1,3,1.209e-11,-1
1020,0.796875,7.813e-4,0.4000,0.919849,3.51746125e-3,2.42430486e1,-9.42020436e-1,3,1.059e-11,-1
1021,0.797656,7.813e-4,0.4000,0.919888,3.51935197e-3,2.42410566e1,-9.42035734e-1,3,1.007e-11,-1
1022,0.798437,7.813e-4,0.4000,0.919927,3.52124175e-3,2.42390718e1,-9.42051003e-1,3,9.498e-12,-1
1023,0.799219,7.813e-4,0.4000,0.919966,3.52313060e-3,2.42370942e1,-9.42066245e-1,3,1.060e-11,-1
1024,0.800000,7.813e-4,0.4000,0.920005,3.52501853e-3,2.42351237e1,-9.42081457e-1,3,1.018e-11,-1
1025,0.800781,7.813e-4,0.4000,0.920044,3.52690553e-3,2.42331604e1,-9.42096642e-1,3,1.097e-11,-1
1026,0.801562,7.813e-4,0.4000,0.920084,3.52879161e-3,2.42312042e1,-9.42111798e-1,3,9.006e-12,-1
1027,0.802344,7.813e-4,0.4000,0.920124,3.53067677e-3,2.42292551e1,-9.42126926e-1,3,1.010e-11,-1
1028,0.803125,7.813e-4,0.4000,0.920164,3.53256101e-3,2.42273131e1,-9.42142026e-1,3,1.103e-11,-1
1029,0.803906,7.813e-4,0.4000,0.920203,3.53444432e-3,2.42253781e1,-9.42157098e-1,3,1.016e-11,-1
1030,0.804687,7.813e-4,0.4000,0.920243,3.53632672e-3,2.42234502e1,-9.42172142e-1,3,1.242e-11,-1
1031,0.805469,7.813e-4,0.4000,0.920282,3.53820821e-3,2.42215293e1,-9.42187158e-1,3,1.224e-11,-1
1032,0.806250,7.813e-4,0.4000,0.920321,3.54008877e-3,2.42196154e1,-9.42202147e-1,3,1.114e-11,-1
1033,0.807031,7.813e-4,0.4000,0.920361,3.54196843e-3,2.42177085e1,-9.42217107e-1,3,1.022e-11,-1
1034,0.807812,7.813e-4,0.4000,0.920400,3.54384717e-3,2.42158085e1,-9.42232041e-1,3,1.068e-11,-1
1035,0.808594,7.813e-4,0.4000,0.920439,3.54572500e-3,2.42139155e1,-9.42246946e-1,3,1.104e-11,-1
1036,0.809375,7.813e-4,0.4000,0.920477,3.54760192e-3,2.42120295e1,-9.42261824e-1,3,1.018e-11,-1
1037,0.810156,7.813e-4,0.4000,0.920516,3.54947793e-3,2.42101503e1,-9.42276675e-1,3,1.004e-11,-1
1038,0.810937,7.813e-4,0.4000,0.920555,3.55135304e-3,2.42082781e1,-9.42291498e-1,3,9.859e-12,-1
1039,0.811719,7.813e-4,0.4000,0.920593,3.55322724e-3,2.42064127e1,-9.42306294e-1,3,1.098e-11,-1
1040,0.812500,7.813e-4,0.4000,0.920632,3.55510054e-3,2.42045541e1,-9.42321063e-1,3,1.140e-11,-1
1041,0.813281,7.813e-4,0.4000,0.920670,3.55697293e-3,2.42027024e1,-9.42335805e-1,3,9.790e-12,-1
1042,0.814062,7.813e-4,0.4000,0.920708,3.55884442e-3,2.42008575e1,-9.42350519e-1,3,1.217e-11,-1
1043,0.814844,7.813e-4,0.4000,0.920746,3.56071502e-3,2.41990194e1,-9.42365207e-1,3,1.108e-11,-1
1044,0.815625,7.813e-4,0.4000,0.920784,3.56258471e-3,2.41971881e1,-9.42379868e-1,3,1.076e-11,-1
1045,0.816406,7.813e-4,0.4000,0.920822,3.56445351e-3,2.41953636e1,-9.42394501e-1,3,9.408e-12,-1
1046,0.817187,7.813e-4,0.4000,0.920860,3.56632141e-3,2.41935458e1,-9.42409108e-1,3,1.017e-11,-1
1047,0.817969,7.813e-4,0.4000,0.920897,3.56818841e-3,2.41917347e1,-9.42423688e-1,3,1.004e-11,-1
1048,0.818750,7.813e-4,0.4000,0.920935,3.57005453e-3,2.41899303e1,-9.42438242e-1,3,9.530e-12,-1
1049,0.819531,7.813e-4,0.4000,0.920972,3.57191975e-3,2.41881326e1,-9.42452769e-1,3,9.827e-12,-1
1050,0.820312,7.813e-4,0.4000,0.921009,3.57378408e-3,2.41863416e1,-9.42467269e-1,3,1.020e-11,-1
1051,0.821094,7.813e-4,0.4000,0.921047,3.57564752e-3,2.41845572e1,-9.42481743e-1,3,1.087e-11,-1
1052,0.821875,7.813e-4,0.4000,0.921084,3.57751007e-3,2.41827794e1,-9.42496191e-1,3,9.667e-12,-1
1053,0.822656,7.813e-4,0.4000,0.921121,3.57937174e-3,2.41810083e1,-9.42510612e-1,3,1.032e-11,-1
1054,0.823437,7.813e-4,0.4000,0.921157,3.58123252e-3,2.41792438e1,-9.42525007e-1,3,9.809e-12,-1
1055,0.824219,7.813e-4,0.4000,0.921194,3.58309242e-3,2.41774858e1,-9.42539375e-1,3,1.007e-11,-1
1056,0.825000,7.813e-4,0.4000,0.921231,3.58495144e-3,2.41757345e1,-9.42553718e-1,3,1.028e-11,-1
1057,0.825781,7.813e-4,0.4000,0.921268,3.58680957e-3,2.41739896e1,-9.42568034e-1,3,9.921e-12,-1
1058,0.826562,7.813e-4,0.4000,0.921306,3.58866683e-3,2.41722513e1,-9.42582325e-1,3,9.493e-12,-1
1059,0.827344,7.813e-4,0.4000,0.921343,3.59052320e-3,2.41705195e1,-9.42596589e-1,3,1.139e-11,-1
1060,0.828125,7.813e-4,0.4000,0.921381,3.59237870e-3,2.41687942e1,-9.42610828e-1,3,1.013e-11,-1
1061,0.828906,7.813e-4,0.4000,0.921419,3.59423333e-3,2.41670753e1,-9.42625041e-1,3,1.172e-11,-1
1062,0.829687,7.813e-4,0.4000,0.921456,3.59608707e-3,2.41653629e1,-9.42639228e-1,3,1.088e-11,-1
1063,0.830469,7.813e-4,0.4000,0.921494,3.59793995e-3,2.41636570e1,-9.42653389e-1,3,1.114e-11,-1
1064,0.831250,7.813e-4,0.4000,0.921531,3.59979195e-3,2.41619575e1,-9.42667524e-1,3,1.065e-11,-1
1065,0.832031,7.813e-4,0.4000,0.921568,3.60164308e-3,2.41602643e1,-9.42681635e-1,3,1.211e-11,-1
1066,0.832812,7.813e-4,0.4000,0.921605,3.60349335e-3,2.41585776e1,-9.42695719e-1,3,1.053e-11,-1
1067,0.833594,7.813e-4,0.4000,0.921642,3.60534274e-3,2.41568972e1,-9.42709778e-1,3,1.043e-11,-1
1068,0.834375,7.813e-4,0.4000,0.921679,3.60719127e-3,2.41552232e1,-9.42723812e-1,3,1.164e-11,-1
1069,0.835156,7.813e-4,0.4000,0.921715,3.60903893e-3,2.41535556e1,-9.42737821e-1,3,1.320e-11,-1
1070,0.835937,7.813e-4,0.4000,0.921752,3.61088573e-3,2.41518942e1,-9.42751804e-1,3,1.031e-11,-1
1071,0.836719,7.813e-4,0.4000,0.921789,3.61273167e-3,2.41502391e1,-9.42765762e-1,3,1.081e-11,-1
1072,0.837500,7.813e-4,0.4000,0.921825,3.61457674e-3,2.41485904e1,-9.42779695e-1,3,1.197e-11,-1
1073,0.838281,7.813e-4,0.4000,0.921861,3.61642095e-3,2.41469479e1,-9.42793602e-1,3,1.105e-11,-1
1074,0.839062,7.813e-4,0.4000,0.921898,3.61826430e-3,2.41453116e1,-9.42807485e-1,3,9.866e-12,-1
1075,0.839844,7.813e-4,0.4000,0.921934,3.62010680e-3,2.41436816e1,-9.42821343e-1,3,1.268e-11,-1
1076,0.840625,7.813e-4,0.4000,0.921970,3.62194844e-3,2.41420578e1,-9.42835176e-1,3,1.143e-11,-1
1077,0.841406,7.813e-4,0.4000,0.922006,3.62378922e-3,2.41404402e1,-9.42848984e-1,3,1.246e-11,-1
1078,0.842187,7.813e-4,0.4000,0.922041,3.62562915e-3,2.41388288e1,-9.42862767e-1,3,1.040e-11,-1
1079,0.842969,7.813e-4,0.4000,0.922077,3.62746823e-3,2.41372236e1,-9.42876526e-1,3,1.008e-11,-1
1080,0.843750,7.813e-4,0.4000,0.922113,3.62930645e-3,2.41356245e1,-9.42890260e-1,3,1.043e-11,-1
1081,0.844531,7.813e-4,0.4000,0.922148,3.63114382e-3,2.41340315e1,-9.42903969e-1,3,1.047e-11,-1
1082,0.845312,7.813e-4,0.4000,0.922184,3.63298035e-3,2.41324447e1,-9.42917654e-1,3,1.088e-11,-1
1083,0.846094,7.813e-4,0.4000,0.922219,3.63481603e-3,2.41308640e1,-9.42931315e-1,3,9.983e-12,-1
1084,0.846875,7.813e-4,0.4000,0.922254,3.63665086e-3,2.41292893e1,-9.42944951e-1,3,1.161e-11,-1
1085,0.847656,7.813e-4,0.4000,0.922289,3.63848484e-3,2.41277208e1,-9.42958562e-1,3,9.848e-12,-1
1086,0.848437,7.813e-4,0.4000,0.922324,3.64031798e-3,2.41261583e1,-9.42972150e-1,3,9.486e-12,-1
1087,0.849219,7.813e-4,0.4000,0.922359,3.64215028e-3,2.41246018e1,-9.42985713e-1,3,9.884e-12,-1
1088,0.850000,7.813e-4,0.4000,0.922394,3.64398173e-3,2.41230513e1,-9.42999252e-1,3,9.651e-12,-1
1089,0.850781,7.813e-4,0.4000,0.922429,3.64581235e-3,2.41215069e1,-9.43012767e-1,3,1.087e-11,-1
1090,0.851562,7.813e-4,0.4000,0.922464,3.64764213e-3,2.41199684e1,-9.43026258e-1,3,1.041e-11,-1
1091,0.852344,7.813e-4,0.4000,0.922500,3.64947106e-3,2.41184359e1,-9.43039724e-1,3,1.063e-11,-1
1092,0.853125,7.813e-4,0.4000,0.922536,3.65129916e-3,2.41169094e1,-9.43053167e-1,3,9.120e-12,-1
1093,0.853906,7.813e-4,0.4000,0.922571,3.65312643e-3,2.41153888e1,-9.43066586e-1,3,1.097e-11,-1
1094,0.854687,7.813e-4,0.4000,0.922607,3.65495286e-3,2.41138742e1,-9.43079982e-1,3,9.891e-12,-1
1095,0.855469,7.813e-4,0.4000,0.922642,3.65677846e-3,2.41123654e1,-9.43093353e-1,3,1.106e-11,-1
1096,0.856250,7.813e-4,0.4000,0.922678,3.65860322e-3,2.41108626e1,-9.43106701e-1,3,1.065e-11,-1
1097,0.857031,7.813e-4,0.4000,0.922713,3.66042716e-3,2.41093656e1,-9.43120025e-1,3,1.186e-11,-1
1098,0.857812,7.813e-4,0.4000,0.922748,3.66225026e-3,2.41078745e1,-9.43133325e-1,3,1.018e-11,-1
1099,0.858594,7.813e-4,0.4000,0.922783,3.66407254e-3,2.41063893e1,-9.43146602e-1,3,1.050e-11,-1
1100,0.859375,7.813e-4,0.4000,0.922818,3.66589399e-3,2.41049099e1,-9.43159855e-1,3,1.035e-11,-1
1101,0.860156,7.813e-4,0.4000,0.922853,3.66771461e-3,2.41034363e1,-9.43173085e-1,3,1.112e-11,-1
1102,0.860937,7.813e-4,0.4000,0.922888,3.66953441e-3,2.41019685e1,-9.43186292e-1,3,1.094e-11,-1
1103,0.861719,7.813e-4,0.4000,0.922923,3.67135338e-3,2.41005065e1,-9.43199475e-1,3,1.129e-11,-1
1104,0.862500,7.813e-4,0.4000,0.922957,3.67317153e-3,2.40990502e1,-9.43212636e-1,3,1.270e-11,-1
1105,0.863281,7.813e-4,0.4000,0.922992,3.67498886e-3,2.40975998e1,-9.43225772e-1,3,1.116e-11,-1
1106,0.864062,7.813e-4,0.4000,0.923026,3.67680537e-3,2.40961550e1,-9.43238886e-1,3,1.176e-11,-1
1107,0.864844,7.813e-4,0.4000,0.923060,3.67862106e-3,2.40947160e1,-9.43251977e-1,3,1.142e-11,-1
1108,0.865625,7.813e-4,0.4000,0.923095,3.68043594e-3,2.40932827e1,-9.43265044e-1,3,1.116e-11,-1
1109,0.866406,7.813e-4,0.4000,0.923129,3.68224999e-3,2.40918552e1,-9.43278089e-1,3,1.084e-11,-1
1110,0.867187,7.813e-4,0.4000,0.923163,3.68406324e-3,2.40904332e1,-9.43291111e-1,3,1.030e-11,-1
1111,0.867969,7.813e-4,0.4000,0.923197,3.68587566e-3,2.40890170e1,-9.43304109e-1,3,1.111e-11,-1
1112,0.868750,7.813e-4,0.4000,0.923231,3.68768728e-3,2.40876064e1,-9.43317085e-1,3,9.999e-12,-1
1113,0.869531,7.813e-4,0.4000,0.923264,3.68949808e-3,2.40862015e1,-9.43330039e-1,3,1.051e-11,-1
1114,0.870312,7.813e-4,0.4000,0.923298,3.69130807e-3,2.40848021e1,-9.43342969e-1,3,1.407e-11,-1
1115,0.871094,7.813e-4,0.4000,0.923331,3.69311725e-3,2.40834084e1,-9.43355877e-1,3,1.086e-11,-1
1116,0.871875,7.813e-4,0.4000,0.923365,3.69492562e-3,2.40820203e1,-9.43368762e-1,3,1.162e-11,-1
1117,0.872656,7.813e-4,0.4000,0.923398,3.69673319e-3,2.40806377e1,-9.43381625e-1,3,1.143e-11,-1
1118,0.873437,7.813e-4,0.4000,0.923432,3.69853995e-3,2.40792607e1,-9.43394465e-1,3,1.058e-11,-1
1119,0.874219,7.813e-4,0.4000,0.923465,3.70034590e-3,2.40778893e1,-9.43407283e-1,3,1.079e-11,-1
1120,0.875000,7.813e-4,0.4000,0.923498,3.70215105e-3,2.40765234e1,-9.43420078e-1,3,1.281e-11,-1
1121,0.875781,7.813e-4,0.4000,0.923531,3.70395540e-3,2.40751630e1,-9.43432851e-1,3,1.062e-11,-1
1122,0.876562,7.813e-4,0.4000,0.923564,3.70575894e-3,2.40738081e1,-9.43445602e-1,3,1.235e-11,-1
1123,0.877344,7.813e-4,0.4000,0.923597,3.70756169e-3,2.40724588e1,-9.43458331e-1,3,1.108e-11,-1
1124,0.878125,7.813e-4,0.4000,0.923631,3.70936364e-3,2.40711149e1,-9.43471037e-1,3,1.394e-11,-1
1125,0.878906,7.813e-4,0.4000,0.923665,3.71116478e-3,2.40697764e1,-9.43483721e-1,3,1.115e-11,-1
1126,0.879687,7.813e-4,0.4000,0.923699,3.71296513e-3,2.40684434e1,-9.43496383e-1,3,1.077e-11,-1
1127,0.880469,7.813e-4,0.4000,0.923733,3.71476469e-3,2.40671159e1,-9.43509023e-1,3,1.180e-11,-1
1128,0.881250,7.813e-4,0.4000,0.923766,3.71656345e-3,2.40657937e1,-9.43521641e-1,3,1.180e-11,-1
1129,0.882031,7.813e-4,0.4000,0.923800,3.71836141e-3,2.40644770e1,-9.43534238e-1,3,1.381e-11,-1
1130,0.882812,7.813e-4,0.4000,0.923833,3.72015859e-3,2.40631657e1,-9.43546812e-1,3,1.451e-11,-1
1131,0.883594,7.813e-4,0.4000,0.923867,3.72195497e-3,2.40618597e1,-9.43559364e-1,3,1.309e-11,-1
1132,0.884375,7.813e-4,0.4000,0.923900,3.72375056e-3,2.40605591e1,-9.43571895e-1,3,1.140e-11,-1
1133,0.885156,7.813e-4,0.4000,0.923933,3.72554536e-3,2.40592639e1,-9.43584404e-1,3,1.007e-11,-1
1134,0.885937,7.813e-4,0.4000,0.923966,3.72733937e-3,2.40579740e1,-9.43596892e-1,3,1.016e-11,-1
1135,0.886719,7.813e-4,0.4000,0.923999,3.72913260e-3,2.40566894e1,-9.43609357e-1,3,1.025e-11,-1
1136,0.887500,7.813e-4,0.4000,0.924032,3.73092504e-3,2.40554101e1,-9.43621802e-1,3,1.093e-11,-1
1137,0.888281,7.813e-4,0.4000,0.924065,3.73271670e-3,2.40541361e1,-9.43634224e-1,3,1.420e-11,-1
1138,0.889062,7.813e-4,0.4000,0.924098,3.73450757e-3,2.40528674e1,-9.43646625e-1,3,1.229e-11,-1
1139,0.889844,7.813e-4,0.4000,0.924130,3.73629766e-3,2.40516040e1,-9.43659005e-1,3,1.063e-11,-1
1140,0.890625,7.813e-4,0.4000,0.924163,3.73808696e-3,2.40503458e1,-9.43671364e-1,3,1.287e-11,-1
1141,0.891406,7.813e-4,0.4000,0.924195,3.73987549e-3,2.40490929e1,-9.43683701e-1,3,9.717e-12,-1
1142,0.892187,7.813e-4,0.4000,0.924227,3.74166324e-3,2.40478452e1,-9.43696016e-1,3,1.070e-11,-1
1143,0.892969,7.813e-4,0.4000,0.924260,3.74345021e-3,2.40466027e1,-9.43708311e-1,3,1.129e-11,-1
1144,0.893750,7.813e-4,0.4000,0.924292,3.74523640e-3,2.40453654e1,-9.43720584e-1,3,1.170e-11,-1
1145,0.894531,7.813e-4,0.4000,0.924324,3.74702181e-3,2.40441332e1,-9.43732837e-1,3,1.092e-11,-1
1146,0.895312,7.813e-4,0.4000,0.924356,3.74880645e-3,2.40429063e1,-9.43745068e-1,3,1.096e-11,-1
1147,0.896094,7.813e-4,0.4000,0.924388,3.75059032e-3,2.40416845e1,-9.43757278e-1,3,1.406e-11,-1
1148,0.896875,7.813e-4,0.4000,0.924420,3.75237341e-3,2.40404679e1,-9.43769467e-1,3,1.091e-11,-1
1149,0.897656,7.813e-4,0.4000,0.924452,3.75415573e-3,2.40392564e1,-9.43781636e-1,3,1.123e-11,-1
1150,0.898437,7.813e-4,0.4000,0.924483,3.75593728e-3,2.40380500e1,-9.43793783e-1,3,1.087e-11,-1
1151,0.899219,7.813e-4,0.4000,0.924515,3.75771806e-3,2.40368487e1,-9.43805910e-1,3,1.121e-11,-1
1152,0.900000,7.813e-4,0.4000,0.924546,3.75949808e-3,2.40356526e1,-9.43818016e-1,3,1.031e-11,-1
1153,0.900781,7.813e-4,0.4000,0.924578,3.76127732e-3,2.40344615e1,-9.43830101e-1,3,1.070e-11,-1
1154,0.901562,7.813e-4,0.4000,0.924609,3.76305580e-3,2.40332754e1,-9.43842165e-1,3,1.086e-11,-1
1155,0.902344,7.813e-4,0.4000,0.924640,3.76483351e-3,2.40320944e1,-9.43854209e-1,3,1.097e-11,-1
1156,0.903125,7.813e-4,0.4000,0.924672,3.76661046e-3,2.40309185e1,-9.43866232e-1,3,1.119e-11,-1
1157,0.903906,7.813e-4,0.4000,0.924704,3.76838664e-3,2.40297476e1,-9.43878235e-1,3,1.156e-11,-1
1158,0.904687,7.813e-4,0.4000,0.924736,3.77016207e-3,2.40285817e1,-9.43890217e-1,3,1.149e-11,-1
1159,0.905469,7.813e-4,0.4000,0.924768,3.77193673e-3,2.40274208e1,-9.43902178e-1,3,1.048e-11,-1
1160,0.906250,7.813e-4,0.4000,0.924800,3.77371063e-3,2.40262649e1,-9.43914120e-1,3,1.089e-11,-1
1161,0.907031,7.813e-4,0.4000,0.924832,3.77548377e-3,2.40251139e1,-9.43926041e-1,3,1.181e-11,-1
1162,0.907812,7.813e-4,0.4000,0.924864,3.77725615e-3,2.40239680e1,-9.43937941e-1,3,1.219e-11,-1
1163,0.908594,7.813e-4,0.4000,0.924895,3.77902778e-3,2.40228270e1,-9.43949822e-1,3,1.159e-11,-1
1164,0.909375,7.813e-4,0.4000,0.924927,3.78079865e-3,2.40216909e1,-9.43961682e-1,3,1.056e-11,-1
1165,0.910156,7.813e-4,0.4000,0.924959,3.78256876e-3,2.40205597e1,-9.43973522e-1,3,1.161e-11,-1
1166,0.910937,7.813e-4,0.4000,0.924990,3.78433812e-3,2.40194335e1,-9.43985341e-1,3,1.200e-11,-1
1167,0.911719,7.813e-4,0.4000,0.925021,3.78610673e-3,2.40183121e1,-9.43997141e-1,3,1.017e-11,-1
1168,0.912500,7.813e-4,0.4000,0.925053,3.78787459e-3,2.40171957e1,-9.44008921e-1,3,1.224e-11,-1
1169,0.913281,7.813e-4,0.4000,0.925084,3.78964169e-3,2.40160841e1,-9.44020681e-1,3,1.170e-11,-1
1170,0.914062,7.813e-4,0.4000,0.925115,3.79140805e-3,2.40149774e1,-9.44032420e-1,3,1.187e-11,-1
1171,0.914844,7.813e-4,0.4000,0.925146,3.79317365e-3,2.40138755e1,-9.44044140e-1,3,1.062e-11,-1
1172,0.915625,7.813e-4,0.4000,0.925177,3.79493851e-3,2.40127785e1,-9.44055840e-1,3,1.126e-11,-1
1173,0.916406,7.813e-4,0.4000,0.925208,3.79670262e-3,2.40116863e1,-9.44067520e-1,3,1.226e-11,-1
1174,0.917187,7.813e-4,0.4000,0.925239,3.79846599e-3,2.40105989e1,-9.44079181e-1,3,1.068e-11,-1
1175,0.917969,7.813e-4,0.4000,0.925269,3.80022861e-3,2.40095163e1,-9.44090821e-1,3,1.131e-11,-1
1176,0.918750,7.813e-4,0.4000,0.925300,3.80199048e-3,2.40084385e1,-9.44102443e-1,3,1.170e-11,-1
1177,0.919531,7.813e-4,0.4000,0.925331,3.80375162e-3,2.40073654e1,-9.44114044e-1,3,1.275e-11,-1
1178,0.920312,7.813e-4,0.4000,0.925361,3.80551201e-3,2.40062972e1,-9.44125626e-1,3,1.202e-11,-1
1179,0.921094,7.813e-4,0.4000,0.925391,3.80727166e-3,2.40052337e1,-9.44137188e-1,3,1.080e-11,-1
1180,0.921875,7.813e-4,0.4000,0.925422,3.80903057e-3,2.40041749e1,-9.44148731e-1,3,1.252e-11,-1
1181,0.922656,7.813e-4,0.4000,0.925452,3.81078874e-3,2.40031208e1,-9.44160254e-1,3,1.108e-11,-1
1182,0.923437,7.813e-4,0.4000,0.925482,3.81254618e-3,2.40020715e1,-9.44171758e-1,3,1.207e-11,-1
1183,0.924219,7.813e-4,0.4000,0.925512,3.81430288e-3,2.40010269e1,-9.44183243e-1,3,1.373e-11,-1
1184,0.925000,7.813e-4,0.4000,0.925542,3.81605884e-3,2.39999869e1,-9.44194708e-1,3,1.222e-11,-1
1185,0.925781,7.813e-4,0.4000,0.925572,3.81781407e-3,2.39989516e1,-9.44206154e-1,3,1.159e-11,-1
1186,0.926562,7.813e-4,0.4000,0.925602,3.81956856e-3,2.39979211e1,-9.44217580e-1,3,1.153e-11,-1
1187,0.927344,7.813e-4,0.4000,0.925632,3.82132232e-3,2.39968951e1,-9.44228988e-1,3,1.061e-11,-1
1188,0.928125,7.813e-4,0.4000,0.925661,3.82307535e-3,2.39958738e1,-9.44240376e-1,3,1.199e-11,-1
1189,0.928906,7.813e-4,0.4000,0.925691,3.82482765e-3,2.39948571e1,-9.44251745e-1,3,1.147e-11,-1
1190,0.929687,7.813e-4,0.4000,0.925721,3.82657922e-3,2.39938451e1,-9.44263096e-1,3,1.343e-11,-1
1191,0.930469,7.813e-4,0.4000,0.925751,3.82833006e-3,2.39928377e1,-9.44274427e-1,3,1.287e-11,-1
1192,0.931250,7.813e-4,0.4000,0.925782,3.83008017e-3,2.39918348e1,-9.44285739e-1,3,1.096e-11,-1
1193,0.932031,7.813e-4,0.4000,0.925812,3.83182955e-3,2.39908365e1,-9.44297032e-1,3,1.041e-11,-1
1194,0.932812,7.813e-4,0.4000,0.925842,3.83357821e-3,2.39898429e1,-9.44308306e-1,3,1.083e-11,-1
1195,0.933594,7.813e-4,0.4000,0.925872,3.83532614e-3,2.39888537e1,-9.44319562e-1,3,1.160e-11,-1
1196,0.934375,7.813e-4,0.4000,0.925903,3.83707335e-3,2.39878692e1,-9.44330799e-1,3,1.093e-11,-1
1197,0.935156,7.813e-4,0.4000,0.925933,3.83881984e-3,2.39868891e1,-9.44342016e-1,3,1.247e-11,-1
1198,0.935937,7.813e-4,0.4000,0.925963,3.84056560e-3,2.39859136e1,-9.44353216e-1,3,1.283e-11,-1
1199,0.936719,7.813e-4,0.4000,0.925992,3.84231065e-3,2.39849426e1,-9.44364396e-1,3,1.157e-11,-1
1200,0.937500,7.813e-4,0.4000,0.926022,3.84405497e-3,2.39839761e1,-9.44375558e-1,3,1.038e-11,-1
1201,0.938281,7.813e-4,0.4000,0.926052,3.84579857e-3,2.39830141e1,-9.44386701e-1,3,1.320e-11,-1
1202,0.939062,7.813e-4,0.4000,0.926082,3.84754146e-3,2.39820566e1,-9.44397826e-1,3,1.124e-11,-1
1203,0.939844,7.813e-4,0.4000,0.926111,3.84928363e-3,2.39811035e1,-9.44408932e-1,3,1.070e-11,-1
1204,0.940625,7.813e-4,0.4000,0.926141,3.85102508e-3,2.39801549e1,-9.44420019e-1,3,1.134e-11,-1
1205,0.941406,7.813e-4,0.4000,0.926170,3.85276582e-3,2.39792108e1,-9.44431089e-1,3,1.229e-11,-1
1206,0.942187,7.813e-4,0.4000,0.926199,3.85450584e-3,2.39782710e1,-9.44442139e-1,3,1.240e-11,-1
1207,0.942969,7.813e-4,0.4000,0.926229,3.85624515e-3,2.39773357e1,-9.44453172e-1,3,1.085e-11,-1
1208,0.943750,7.813e-4,0.4000,0.926258,3.85798374e-3,2.39764049e1,-9.44464186e-1,3,1.285e-11,-1
1209,0.944531,7.813e-4,0.4000,0.926287,3.85972163e-3,2.39754784e1,-9.44475182e-1,3,1.428e-11,-1
1210,0.945312,7.813e-4,0.4000,0.926316,3.86145880e-3,2.39745563e1,-9.44486159e-1,3,1.190e-11,-1
1211,0.946094,7.813e-4,0.4000,0.926345,3.86319526e-3,2.39736386e1,-9.44497119e-1,3,1.122e-11,-1
1212,0.946875,7.813e-4,0.4000,0.926374,3.86493102e-3,2.39727252e1,-9.44508060e-1,3,1.025e-11,-1
1213,0.947656,7.813e-4,0.4000,0.926403,3.86666607e-3,2.39718162e1,-9.44518983e-1,3,1.023e-11,-1
1214,0.948437,7.813e-4,0.4000,0.926431,3.86840041e-3,2.39709116e1,-9.44529888e-1,3,1.057e-11,-1
1215,0.949219,7.813e-4,0.4000,0.926460,3.87013404e-3,2.39700113e1,-9.44540775e-1,3,1.382e-11,-1
1216,0.950000,7.813e-4,0.4000,0.926488,3.87186697e-3,2.39691153e1,-9.44551644e-1,3,1.074e-11,-1
1217,0.950781,7.813e-4,0.4000,0.926517,3.87359920e-3,2.39682236e1,-9.44562495e-1,3,1.032e-11,-1
1218,0.951562,7.813e-4,0.4000,0.926545,3.87533072e-3,2.39673363e1,-9.44573328e-1,3,1.091e-11,-1
1219,0.952344,7.813e-4,0.4000,0.926574,3.87706154e-3,2.39664532e1,-9.44584144e-1,3,1.206e-11,-1
1220,0.953125,7.813e-4,0.4000,0.926602,3.87879166e-3,2.39655744e1,-9.44594941e-1,3,1.127e-11,-1
1221,0.953906,7.813e-4,0.4000,0.926630,3.88052107e-3,2.39646998e1,-9.44605721e-1,3,1.037e-11,-1
1222,0.954687,7.813e-4,0.4000,0.926658,3.88224979e-3,2.39638296e1,-9.44616483e-1,3,1.135e-11,-1
1223,0.955469,7.813e-4,0.4000,0.926686,3.88397781e-3,2.39629635e1,-9.44627227e-1,3,1.191e-11,-1
1224,0.956250,7.813e-4,0.4000,0.926714,3.88570513e-3,2.39621018e1,-9.44637953e-1,3,1.376e-11,-1
1225,0.957031,7.813e-4,0.4000,0.926743,3.88743176e-3,2.39612442e1,-9.44648662e-1,3,1.237e-11,-1
1226,0.957812,7.813e-4,0.4000,0.926772,3.88915769e-3,2.39603908e1,-9.44659353e-1,3,1.188e-11,-1
1227,0.958594,7.813e-4,0.4000,0.926801,3.89088292e-3,2.39595417e1,-9.44670027e-1,3,1.137e-11,-1
1228,0.959375,7.813e-4,0.4000,0.926829,3.89260746e-3,2.39586968e1,-9.44680683e-1,3,1.186e-11,-1
1229,0.960156,7.813e-4,0.4000,0.926858,3.89433131e-3,2.39578560e1,-9.44691321e-1,3,1.064e-11,-1
1230,0.960937,7.813e-4,0.4000,0.926887,3.89605447e-3,2.39570194e1,-9.44701942e-1,3,1.247e-11,-1
1231,0.961719,7.813e-4,0.4000,0.926915,3.89777693e-3,2.39561870e1,-9.44712546e-1,3,1.234e-11,-1
1232,0.962500,7.813e-4,0.4000,0.926943,3.89949871e-3,2.39553587e1,-9.44723132e-1,3,1.232e-11,-1
1233,0.963281,7.813e-4,0.4000,0.926972,3.90121979e-3,2.39545346e1,-9.44733701e-1,3,1.284e-11,-1
1234,0.964062,7.813e-4,0.4000,0.927000,3.90294019e-3,2.39537145e1,-9.44744253e-1,3,1.667e-11,-1
1235,0.964844,7.813e-4,0.4000,0.927028,3.90465989e-3,2.39528987e1,-9.44754787e-1,3,1.196e-11,-1
1236,0.965625,7.813e-4,0.4000,0.927056,3.90637891e-3,2.39520869e1,-9.44765304e-1,3,1.463e-11,-1
1237,0.966406,7.813e-4,0.4000,0.927084,3.90809725e-3,2.39512792e1,-9.44775804e-1,3,1.266e-11,-1
1238,0.967187,7.813e-4,0.4000,0.927112,3.90981490e-3,2.39504756e1,-9.44786287e-1,3,1.072e-11,-1
1239,0.967969,7.813e-4,0.4000,0.927140,3.91153186e-3,2.39496761e1,-9.44796753e-1,3,1.207e-11,-1
1240,0.968750,7.813e-4,0.4000,0.927168,3.91324815e-3,2.39488807e1,-9.44807201e-1,3,1.122e-11,-1
1241,0.969531,7.813e-4,0.4000,0.927195,3.91496375e-3,2.39480893e1,-9.44817633e-1,3,1.210e-11,-1
1242,0.970312,7.813e-4,0.4000,0.927223,3.91667867e-3,2.39473020e1,-9.44828047e-1,3,1.180e-11,-1
1243,0.971094,7.813e-4,0.4000,0.927251,3.91839290e-3,2.39465187e1,-9.44838445e-1,3,1.128e-11,-1
1244,0.971875,7.813e-4,0.4000,0.927278,3.92010646e-3,2.39457394e1,-9.44848826e-1,3,1.216e-11,-1
1245,0.972656,7.813e-4,0.4000,0.927306,3.92181934e-3,2.39449642e1,-9.44859189e-1,3,1.160e-11,-1
1246,0.973437,7.813e-4,0.4000,0.927333,3.92353154e-3,2.39441929e1,-9.44869536e-1,3,1.074e-11,-1
1247,0.974219,7.813e-4,0.4000,0.927360,3.92524307e-3,2.39434257e1,-9.44879866e-1,3,1.256e-11,-1
1248,0.975000,7.813e-4,0.4000,0.927388,3.92695392e-3,2.39426624e1,-9.44890179e-1,3,1.330e-11,-1
1249,0.975781,7.813e-4,0.4000,0.927415,3.92866409e-3,2.39419031e1,-9.44900476e-1,3,1.246e-11,-1
1250,0.976562,7.813e-4,0.4000,0.927442,3.93037359e-3,2.39411478e1,-9.44910756e-1,3,1.247e-11,-1
1251,0.977344,7.813e-4,0.4000,0.927469,3.93208241e-3,2.39403965e1,-9.44921019e-1,3,1.179e-11,-1
1252,0.978125,7.813e-4,0.4000,0.927496,3.93379057e-3,2.39396491e1,-9.44931265e-1,3,1.123e-11,-1
1253,0.978906,7.813e-4,0.4000,0.927523,3.93549805e-3,2.39389056e1,-9.44941495e-1,3,1.371e-11,-1
1254,0.979687,7.813e-4,0.4000,0.927549,3.93720486e-3,2.39381661e1,-9.44951708e-1,3,1.183e-11,-1
1255,0.980469,7.813e-4,0.4000,0.927576,3.93891099e-3,2.39374304e1,-9.44961905e-1,3,1.241e-11,-1
1256,0.981250,7.813e-4,0.4000,0.927603,3.94061646e-3,2.39366987e1,-9.44972085e-1,3,1.323e-11,-1
1257,0.982031,7.813e-4,0.4000,0.927629,3.94232127e-3,2.39359709e1,-9.44982249e-1,3,1.163e-11,-1
1258,0.982812,7.813e-4,0.4000,0.927656,3.94402540e-3,2.39352470e1,-9.44992396e-1,3,1.180e-11,-1
1259,0.983594,7.813e-4,0.4000,0.927682,3.94572887e-3,2.39345269e1,-9.45002527e-1,3,1.287e-11,-1
1260,0.984375,7.813e-4,0.4000,0.927710,3.94743167e-3,2.39338107e1,-9.45012641e-1,3,1.273e-11,-1
1261,0.985156,7.813e-4,0.4000,0.927737,3.94913380e-3,2.39330984e1,-9.45022740e-1,3,1.227e-11,-1
1262,0.985937,7.813e-4,0.4000,0.927764,3.95083527e-3,2.39323900e1,-9.45032822e-1,3,1.294e-11,-1
1263,0.986719,7.813e-4,0.4000,0.927791,3.95253608e-3,2.39316853e1,-9.45042887e-1,3,1.233e-11,-1
1264,0.987500,7.813e-4,0.4000,0.927818,3.95423623e-3,2.39309845e1,-9.45052937e-1,3,1.067e-11,-1
1265,0.988281,7.813e-4,0.4000,0.927845,3.95593571e-3,2.39302875e1,-9.45062970e-1,3,1.283e-11,-1
1266,0.989062,7.813e-4,0.4000,0.927872,3.95763454e-3,2.39295944e1,-9.45072987e-1,3,1.377e-11,-1
1267,0.989844,7.813e-4,0.4000,0.927899,3.95933270e-3,2.39289050e1,-9.45082988e-1,3,1.183e-11,-1
1268,0.990625,7.813e-4,0.4000,0.927926,3.96103021e-3,2.39282194e1,-9.45092972e-1,3,1.288e-11,-1
1269,0.991406,7.813e-4,0.4000,0.927953,3.96272705e-3,2.39275376e1,-9.45102941e-1,3,1.328e-11,-1
1270,0.992187,7.813e-4,0.4000,0.927979,3.96442324e-3,2.39268596e1,-9.45112894e-1,3,1.109e-11,-1
1271,0.992969,7.813e-4,0.4000,0.928006,3.96611877e-3,2.39261853e1,-9.45122831e-1,3,1.209e-11,-1
1272,0.993750,7.813e-4,0.4000,0.928032,3.96781365e-3,2.39255148e1,-9.45132752e-1,3,1.204e-11,-1
1273,0.994531,7.813e-4,0.4000,0.928059,3.96950787e-3,2.39248480e1,-9.45142656e-1,3,1.119e-11,-1
1274,0.995312,7.813e-4,0.4000,0.928085,3.97120144e-3,2.39241850e1,-9.45152545e-1,3,1.116e-11,-1
1275,0.996094,7.813e-4,0.4000,0.928111,3.97289435e-3,2.39235257e1,-9.45162419e-1,3,1.101e-11,-1
1276,0.996875,7.813e-4,0.4000,0.928137,3.97458661e-3,2.39228701e1,-9.45172276e-1,3,1.231e-11,-1
1277,0.997656,7.813e-4,0.4000,0.928164,3.97627822e-3,2.39222182e1,-9.45182117e-1,3,1.095e-11,-1
1278,0.998437,7.813e-4,0.4000,0.928190,3.97796918e-3,2.39215701e1,-9.45191943e-1,3,1.364e-11,-1
1279,0.999219,7.813e-4,0.4000,0.928216,3.97965949e-3,2.39209256e1,-9.45201753e-1,3,1.155e-11,-1
1280,1.000000,7.813e-4,0.4000,0.928242,3.98134915e-3,2.39202848e1,-9.45211548e-1,3,1.117e-11,4
1281,1.000781,7.813e-4,0.4000,0.928268,3.98303817e-3,2.39196476e1,-9.45221326e-1,3,1.138e-11,-1
1282,1.001562,7.813e-4,0.4000,0.928293,3.98472653e-3,2.39190141e1,-9.45231089e-1,3,1.257e-11,-1
1283,1.002344,7.813e-4,0.4000,0.928319,3.98641425e-3,2.39183843e1,-9.45240837e-1,3,1.186e-11,-1
1284,1.003125,7.813e-4,0.4000,0.928345,3.98810132e-3,2.39177581e1,-9.45250569e-1,3,1.118e-11,-1
1285,1.003906,7.813e-4,0.4000,0.928370,3.98978774e-3,2.39171355e1,-9.45260285e-1,3,1.267e-11,-1
1286,1.004687,7.813e-4,0.4000,0.928396,3.99147353e-3,2.39165166e1,-9.45269986e-1,3,1.294e-11,-1
1287,1.005469,7.813e-4,0.4000,0.928421,3.99315867e-3,2.39159013e1,-9.45279671e-1,3,1.242e-11,-1
1288,1.006250,7.813e-4,0.4000,0.928447,3.99484316e-3,2.39152896e1,-9.45289342e-1,3,1.303e-11,-1
1289,1.007031,7.813e-4,0.4000,0.928472,3.99652702e-3,2.39146814e1,-9.45298996e-1,3,1.128e-11,-1
1290,1.007812,7.813e-4,0.4000,0.928497,3.99821023e-3,2.39140769e1,-9.45308635e-1,3,1.467e-11,-1
1291,1.008594,7.813e-4,0.4000,0.928523,3.99989280e-3,2.39134760e1,-9.45318259e-1,3,1.311e-11,-1
1292,1.009375,7.813e-4,0.4000,0.928548,4.00157474e-3,2.39128786e1,-9.45327868e-1,3,1.178e-11,-1
1293,1.010156,7.813e-4,0.4000,0.928573,4.00325603e-3,2.39122847e1,-9.45337461e-1,3,1.226e-11,-1
1294,1.010937,7.813e-4,0.4000,0.928598,4.00493669e-3,2.39116945e1,-9.45347039e-1,3,1.196e-11,-1
1295,1.011719,7.813e-4,0.4000,0.928624,4.00661671e-3,2.39111078e1,-9.45356602e-1,3,1.190e-11,-1
1296,1.012500,7.813e-4,0.4000,0.928649,4.00829609e-3,2.39105246e1,-9.45366150e-1,3,1.395e-11,-1
1297,1.013281,7.813e-4,0.4000,0.928675,4.00997484e-3,2.39099449e1,-9.45375683e-1,3,1.145e-11,-1
1298,1.014062,7.813e-4,0.4000,0.928701,4.01165295e-3,2.39093687e1,-9.45385200e-1,3,1.124e-11,-1
1299,1.014844,7.813e-4,0.4000,0.928726,4.01333043e-3,2.39087961e1,-9.45394703e-1,3,1.241e-11,-1
1300,1.015625,7.813e-4,0.4000,0.928752,4.01500728e-3,2.39082269e1,-9.45404190e-1,3,1.216e-11,-1
1301,1.016406,7.813e-4,0.4000,0.928777,4.01668350e-3,2.39076613e1,-9.45413662e-1,3,1.261e-11,-1
1302,1.017187,7.813e-4,0.4000,0.928803,4.01835908e-3,2.39070991e1,-9.45423120e-1,3,1.203e-11,-1
1303,1.017969,7.813e-4,0.4000,0.928828,4.02003403e-3,2.39065404e1,-9.45432562e-1,3,1.125e-11,-1
1304,1.018750,7.813e-4,0.4000,0.928853,4.02170835e-3,2.39059852e1,-9.45441990e-1,3,1.239e-11,-1
1305,1.019531,7.813e-4,0.4000,0.928878,4.02338205e-3,2.39054334e1,-9.45451402e-1,3,1.151e-11,-1
1306,1.020312,7.813e-4,0.4000,0.928903,4.02505511e-3,2.39048851e1,-9.45460800e-1,3,1.241e-11,-1
1307,1.021094,7.813e-4,0.4000,0.928928,4.02672755e-3,2.39043402e1,-9.45470183e-1,3,1.362e-11,-1
1308,1.021875,7.813e-4,0.4000,0.928953,4.02839936e-3,2.39037987e1,-9.45479551e-1,3,1.275e-11,-1
1309,1.022656,7.813e-4,0.4000,0.928978,4.03007054e-3,2.39032606e1,-9.45488905e-1,3,1.205e-11,-1
1310,1.023437,7.813e-4,0.4000,0.929003,4.03174110e-3,2.39027260e1,-9.45498243e-1,3,1.117e-11,-1
1311,1.024219,7.813e-4,0.4000,0.929028,4.03341104e-3,2.39021948e1,-9.45507567e-1,3,1.361e-11,-1
1312,1.025000,7.813e-4,0.4000,0.929053,4.03508035e-3,2.39016669e1,-9.45516876e-1,3,1.133e-11,-1
1313,1.025781,7.813e-4,0.4000,0.929077,4.03674904e-3,2.39011425e1,-9.45526171e-1,3,1.392e-11,-1
1314,1.026562,7.813e-4,0.4000,0.929102,4.03841710e-3,2.39006214e1,-9.45535451e-1,3,1.428e-11,-1
1315,1.027344,7.813e-4,0.4000,0.929127,4.04008455e-3,2.39001037e1,-9.45544716e-1,3,1.210e-11,-1
1316,1.028125,7.813e-4,0.4000,0.929151,4.04175137e-3,2.38995894e1,-9.45553967e-1,3,1.224e-11,-1
1317,1.028906,7.813e-4,0.4000,0.929175,4.04341757e-3,2.38990784e1,-9.45563203e-1,3,1.198e-11,-1
1318,1.029687,7.813e-4,0.4000,0.929200,4.04508316e-3,2.38985707e1,-9.45572425e-1,3,1.123e-11,-1
1319,1.030469,7.813e-4,0.4000,0.929224,4.04674812e-3,2.38980664e1,-9.45581633e-1,3,1.124e-11,-1
1320,1.031250,7.813e-4,0.4000,0.929248,4.04841247e-3,2.38975654e1,-9.45590825e-1,3,1.324e-11,-1
1321,1.032031,7.813e-4,0.4000,0.929273,4.05007621e-3,2.38970678e1,-9.45600004e-1,3,1.412e-11,-1
1322,1.032812,7.813e-4,0.4000,0.929297,4.05173932e-3,2.38965734e1,-9.45609168e-1,3,1.399e-11,-1
1323,1.033594,7.813e-4,0.4000,0.929321,4.05340182e-3,2.38960824e1,-9.45618318e-1,3,1.298e-11,-1
1324,1.034375,7.813e-4,0.4000,0.929345,4.05506371e-3,2.38955946e1,-9.45627453e-1,3,1.417e-11,-1
1325,1.035156,7.813e-4,0.4000,0.929369,4.05672498e-3,2.38951101e1,-9.45636574e-1,3,1.280e-11,-1
1326,1.035937,7.813e-4,0.4000,0.929392,4.05838564e-3,2.38946289e1,-9.45645681e-1,3,1.326e-11,-1
1327,1.036719,7.813e-4,0.4000,0.929416,4.06004569e-3,2.38941510e1,-9.45654774e-1,3,1.114e-11,-1
1328,1.037500,7.813e-4,0.4000,0.929440,4.06170512e-3,2.38936764e1,-9.45663852e-1,3,1.247e-11,-1
1329,1.038281,7.813e-4,0.4000,0.929464,4.06336395e-3,2.38932050e1,-9.45672917e-1,3,1.334e-11,-1
1330,1.039062,7.813e-4,0.4000,0.929487,4.06502216e-3,2.38927368e1,-9.45681967e-1,3,1.156e-11,-1
1331,1.039844,7.813e-4,0.4000,0.929511,4.06667977e-3,2.38922719e1,-9.45691003e-1,3,1.261e-11,-1
1332,1.040625,7.813e-4,0.4000,0.929536,4.06833676e-3,2.38918102e1,-9.45700025e-1,3,1.073e-11,-1
1333,1.041406,7.813e-4,0.4000,0.929560,4.06999315e-3,2.38913517e1,-9.45709033e-1,3,1.326e-11,-1
1334,1.042187,7.813e-4,0.4000,0.929584,4.07164893e-3,2.38908964e1,-9.45718026e-1,3,1.169e-11,-1
1335,1.042969,7.813e-4,0.4000,0.929608,4.07330411e-3,2.38904444e1,-9.45727006e-1,3,1.297e-11,-1
1336,1.043750,7.813e-4,0.4000,0.929632,4.07495868e-3,2.38899955e1,-9.45735972e-1,3,1.533e-11,-1
1337,1.044531,7.813e-4,0.4000,0.929656,4.07661264e-3,2.38895498e1,-9.45744924e-1,3,1.231e-11,-1
1338,1.045312,7.813e-4,0.4000,0.929680,4.07826600e-3,2.38891073e1,-9.45753862e-1,3,1.223e-11,-1
1339,1.046094,7.813e-4,0.4000,0.929704,4.07991876e-3,2.38886680e1,-9.45762786e-1,3,1.277e-11,-1
1340,1.046875,7.813e-4,0.4000,0.929728,4.08157092e-3,2.38882319e1,-9.45771696e-1,3,1.236e-11,-1
1341,1.047656,7.813e-4,0.4000,0.929752,4.08322247e-3,2.38877989e1,-9.45780593e-1,3,1.205e-11,-1
1342,1.048437,7.813e-4,0.4000,0.929775,4.08487342e-3,2.38873690e1,-9.45789475e-1,3,1.321e-11,-1
1343,1.049219,7.813e-4,0.4000,0.929799,4.08652377e-3,2.38869423e1,-9.45798344e-1,3,1.357e-11,-1
1344,1.050000,7.813e-4,0.4000,0.929823,4.08817352e-3,2.38865187e1,-9.45807199e-1,3,1.191e-11,-1
1345,1.050781,7.813e-4,0.4000,0.929846,4.08982268e-3,2.38860983e1,-9.45816041e-1,3,1.278e-11,-1
1346,1.051562,7.813e-4,0.4000,0.929870,4.09147123e-3,2.38856809e1,-9.45824868e-1,3,1.211e-11,-1
1347,1.052344,7.813e-4,0.4000,0.929893,4.09311919e-3,2.38852667e1,-9.45833682e-1,3,1.157e-11,-1
1348,1.053125,7.813e-4,0.4000,0.929916,4.09476655e-3,2.38848556e1,-9.45842483e-1,3,1.166e-11,-1
1349,1.053906,7.813e-4,0.4000,0.929940,4.09641331e-3,2.38844475e1,-9.45851269e-1,3,1.071e-11,-1
1350,1.054687,7.813e-4,0.4000,0.929963,4.09805948e-3,2.38840426e1,-9.45860043e-1,3,1.257e-11,-1
1351,1.055469,7.813e-4,0.4000,0.929986,4.09970505e-3,2.38836407e1,-9.45868802e-1,3,1.397e-11,-1
1352,1.056250,7.813e-4,0.4000,0.930009,4.10135003e-3,2.38832419e1,-9.45877548e-1,3,1.299e-11,-1
1353,1.057031,7.813e-4,0.4000,0.930032,4.10299442e-3,2.38828462e1,-9.45886281e-1,3,1.405e-11,-1
1354,1.057812,7.813e-4,0.4000,0.930055,4.10463821e-3,2.38824535e1,-9.45895000e-1,3,1.404e-11,-1
1355,1.058594,7.813e-4,0.4000,0.930078,4.10628142e-3,2.38820639e1,-9.45903706e-1,3,1.272e-11,-1
1356,1.059375,7.813e-4,0.4000,0.930101,4.10792403e-3,2.38816773e1,-9.45912398e-1,3,1.216e-11,-1
1357,1.060156,7.813e-4,0.4000,0.930124,4.10956605e-3,2.38812937e1,-9.45921077e-1,3,1.319e-11,-1
1358,1.060937,7.813e-4,0.4000,0.930146,4.11120748e-3,2.38809132e1,-9.45929742e-1,3,1.373e-11,-1
1359,1.061719,7.813e-4,0.4000,0.930169,4.11284832e-3,2.38805357e1,-9.45938394e-1,3,1.462e-11,-1
1360,1.062500,7.813e-4,0.4000,0.930192,4.11448858e-3,2.38801612e1,-9.45947033e-1,3,1.214e-11,-1
1361,1.063281,7.813e-4,0.4000,0.930214,4.11612824e-3,2.38797897e1,-9.45955659e-1,3,1.203e-11,-1
1362,1.064062,7.813e-4,0.4000,0.930237,4.11776732e-3,2.38794212e1,-9.45964271e-1,3,1.227e-11,-1
1363,1.064844,7.813e-4,0.4000,0.930259,4.11940581e-3,2.38790556e1,-9.45972870e-1,3,1.285e-11,-1
1364,1.065625,7.813e-4,0.4000,0.930281,4.12104372e-3,2.38786931e1,-9.45981456e-1,3,1.243e-11,-1
1365,1.066406,7.813e-4,0.4000,0.930304,4.12268105e-3,2.38783335e1,-9.45990028e-1,3,1.249e-11,-1
1366,1.067187,7.813e-4,0.4000,0.930326,4.12431778e-3,2.38779769e1,-9.45998588e-1,3,1.164e-11,-1
1367,1.067969,7.813e-4,0.4000,0.930348,4.12595394e-3,2.38776232e1,-9.46007134e-1,3,1.315e-11,-1
1368,1.068750,7.813e-4,0.4000,0.930371,4.12758951e-3,2.38772725e1,-9.46015668e-1,3,1.278e-11,-1
1369,1.069531,7.813e-4,0.4000,0.930394,4.12922450e-3,2.38769248e1,-9.46024188e-1,3,1.316e-11,-1
1370,1.070312,7.813e-4,0.4000,0.930417,4.13085891e-3,2.38765800e1,-9.46032695e-1,3,1.369e-11,-1
1371,1.071094,7.813e-4,0.4000,0.930440,4.13249274e-3,2.38762381e1,-9.46041189e-1,3,1.289e-11,-1
1372,1.071875,7.813e-4,0.4000,0.930462,4.13412599e-3,2.38758991e1,-9.46049670e-1,3,1.303e-11,-1
1373,1.072656,7.813e-4,0.4000,0.930485,4.13575866e-3,2.38755630e1,-9.46058138e-1,3,1.281e-11,-1
1374,1.073437,7.813e-4,0.4000,0.930508,4.13739076e-3,2.38752298e1,-9.46066593e-1,3,1.337e-11,-1
1375,1.074219,7.813e-4,0.4000,0.930530,4.13902227e-3,2.38748996e1,-9.